<?xml version="1.0" encoding="utf-8" standalone="yes"?>
<rss version="2.0" xmlns:atom="http://www.w3.org/2005/Atom">
  <channel>
    <title>Tạo ElastiCache cluster on Amazon ElastiCache - Redis</title>
    <link>/vi/3-amazonelasticacheforredis/</link>
    <description>Recent content in Tạo ElastiCache cluster on Amazon ElastiCache - Redis</description>
    <generator>Hugo -- gohugo.io</generator><atom:link href="/vi/3-amazonelasticacheforredis/index.xml" rel="self" type="application/rss+xml" />
  </channel>
</rss>
