<?xml version="1.0" encoding="utf-8" standalone="yes"?>
<rss version="2.0" xmlns:atom="http://www.w3.org/2005/Atom">
  <channel>
    <title>Giới thiệu on LÀM VIỆC VỚI AMAZON SYSTEM MANAGER - SESSION MANAGER</title>
    <link>/vi/1-introduce/</link>
    <description>Recent content in Giới thiệu on LÀM VIỆC VỚI AMAZON SYSTEM MANAGER - SESSION MANAGER</description>
    <generator>Hugo -- gohugo.io</generator><atom:link href="/vi/1-introduce/index.xml" rel="self" type="application/rss+xml" />
  </channel>
</rss>
