<?xml version="1.0" encoding="utf-8" standalone="yes"?>
<rss version="2.0" xmlns:atom="http://www.w3.org/2005/Atom">
  <channel>
    <title>Set and Get strings on Amazon ElastiCache - Redis</title>
    <link>/vi/4-sdkelasticache/4.3-set-and-get-strings/</link>
    <description>Recent content in Set and Get strings on Amazon ElastiCache - Redis</description>
    <generator>Hugo -- gohugo.io</generator><atom:link href="/vi/4-sdkelasticache/4.3-set-and-get-strings/index.xml" rel="self" type="application/rss+xml" />
  </channel>
</rss>
