[
{
	"uri": "/",
	"title": "Session Management",
	"tags": [],
	"description": "",
	"content": "Work with Amazon System Manager - Session Manager Overall In this lab, you\u0026rsquo;ll learn the basics and practice of Amazon System Manager - Session Manager . Perform creating public and private instance connections.\nContent  Introduction  Preparation Connect to EC2 instance Manage session logs Port Forwarding Clean up resources  "
},
{
	"uri": "/3-accessibilitytoinstances/3.1-public-instance/",
	"title": "Connect to Public Instance",
	"tags": [],
	"description": "",
	"content": " Go to EC2 service management console.   Click on Public Linux Instance. Click Actions. Click Security. Click Modify IAM role.  At the Modify IAM role page.   Click to select SSM-Role. Click Save.  You will need to wait about 10 minutes before performing the next step. This time our EC2 instance will automatically register with the Session Manager.\n\rGo to the AWS Systems Manager service management console   Drag the left menu slider down. Click Session Manager. Click Start Session.  Then select Public Linux Instance and click Start session to access the instance.  Terminal will appear on the browser. Testing with the command sudo tcpdump -nn port 22 and sudo tcpdump  we will see no SSH traffic but only HTTPS traffic.  Above, we have created a connection to the public instance without opening SSH port 22, for better security, avoiding any attack to the SSH port.\nOne disadvantage of the above method is that we have to open the Security Group outbound at port 443 to the internet. Since it\u0026rsquo;s a public instance, it probably won\u0026rsquo;t be a problem, but if you want extra security, you can block port 443 to the internet and still use the Session Manager. We will go through this in the private instance section below.\n\rYou can click terminate to end the currently connected session before proceeding to the next step.\n"
},
{
	"uri": "/3-accessibilitytoinstances/3.2-private-instance/3.2.2-createvpcendpoint/3.2.2.1-endpointssm/",
	"title": "Create Endpoint ssm",
	"tags": [],
	"description": "",
	"content": "Create VPC Endpoint SSM  Go to VPC service management console   Click Endpoints. Click Create endpoint.  At the Create endpoint page.   In the Name tag field, enter SSM. In the Service Category section, select AWS Services. In the Service Name section, In the Service category section, select: AWS services In the Service Name section enter: SSM then select Service Name: com.amazonaws.ap-southeast-1.ssm.  In the Service Name column, click com.amazonaws.ap-southeast-1.ssm.   In the VPC section, select Lab VPC. Select the first AZ, then select the Lab Private Subnet subnet.  Scroll down.   In the Security Group section, select the Security group SG VPC Endpoint that we created earlier. In the Policy section, select Full access.  Scroll down.   Click Create endpoint.  We have created the VPC Interface Endpoint for SSM.  "
},
{
	"uri": "/2-prerequiste/2.1-createec2/2.1.1-createvpc/",
	"title": "Create VPC",
	"tags": [],
	"description": "",
	"content": "Create VPC Lab VPC  Go to VPC service management console  Click Your VPC. Click Create VPC.    At the Create VPC page.  In the Name tag field, enter Lab VPC. In the IPv4 CIDR field, enter: 10.10.0.0/16. Click Create VPC.    "
},
{
	"uri": "/3-accessibilitytoinstances/3.2-private-instance/3.2.1-enablevpcdns/",
	"title": "Enable DNS hostnames",
	"tags": [],
	"description": "",
	"content": "Enable DNS hostnames on VPC.  To create VPC Endpoint we will need to enable DNS hostnames feature on VPC.    Go to VPC service management console\n  Click Your VPCs.\n  Select Lab VPC.\n  Click Actions.\n  Click Edit DNS hostnames.\n  Click Endpoint, then click Create Endpoint.\n  At the Edit DNS hostnames page.  Click to select Enable. Click Save changes.    "
},
{
	"uri": "/1-introduce/",
	"title": "Introduction",
	"tags": [],
	"description": "",
	"content": "Session Manager is a function within the AWS System Manager service, SSM provides verifiable and secure version management without opening incoming ports, without Bastion Host or SSH key management. Session Manager also makes it easy to comply with corporate policies that require controlled access to instances, strict security practices, and fully auditable logs with instance access details, while still providing end-users with one-click cross-platform access to your managed instances.\nBy using Session Manager, you get the following advantages that traditional methods do not have:\n No need to open port 22 for SSH protocol, so it is more secure. Can be configured so that the connection does not need to go outside the internet, so it is more secure. No need to manage the server\u0026rsquo;s private key to connect to SSH. Centralized management of users using AWS IAM. Access to the server easily and simply with one click. Faster access time than traditional methods like SSH Support many different operating systems such as Linux, Windows, MacOS Log the connection sessions and commands executed while connecting to the server.  With the above advantages, you can use Session Manager instead of using Bastion host technique to save us time and money when managing Bastion server.\n"
},
{
	"uri": "/2-prerequiste/2.1-createec2/",
	"title": "Preparing VPC and EC2",
	"tags": [],
	"description": "",
	"content": "In this step, we will need to create a VPC with 2 public / private subnets. Then create 1 EC2 Instance Linux located in the public subnet, 1 EC2 Instance Windows located in the private subnet.\nThe architecture overview after you complete this step will be as follows:\nTo learn how to create EC2 instances and VPCs with public/private subnets, you can refer to the lab:\n About Amazon EC2 Works with Amazon VPC  Content  Create VPC Create Public Subnet Create Private Subnet Create security group Create public Linux server Create private Windows server  "
},
{
	"uri": "/4-s3log/4.1-updateiamrole/",
	"title": "Update IAM Role",
	"tags": [],
	"description": "",
	"content": "For our EC2 instances to be able to send session logs to the S3 bucket, we will need to update the IAM Role assigned to the EC2 instance by adding a policy that allows access to S3.\nUpdate IAM Role  Go to IAM service management console   Click Roles. In the search box, enter SSM. Click on the SSM-Role role.  Click Attach policies.  In the Search box enter S3.   Click the policy AmazonS3FullAccess. Click Attach policy.  In the production environment, we will grant stricter permissions to the specified S3 bucket. In the framework of this lab, we use the policy AmazonS3FullAccess for convenience.\n\rNext, we will proceed to create an S3 bucket to store session logs.\n"
},
{
	"uri": "/3-accessibilitytoinstances/3.2-private-instance/",
	"title": "Connect to Private instance",
	"tags": [],
	"description": "",
	"content": "For Windows instance located in private subnet, there is no public IP, no internet gateway so it cannot go out internet.\nWith this type of instance, the traditional way is to use Bastion host technique which is expensive and laborious, but here we will use Session Manager with this type.\nBasically, the private instance still has to open the TCP 443 port to System Manager, but we don\u0026rsquo;t want to allow connection go out to the internet, but only in its VPC, to enhance our security posture.\nTo do that, we have to include the System Manager endpoint in the VPC, that is, using the VPC interface endpoint:\nVPC interface endpoint is attached to the subnet, so this method can be done not only with private subnet but also with public subnet, meaning that with public subnet, you can completely prohibit TCP 443 go out to the internet.\nContent:  Enable DNS hostnames Create VPC Endpoint Connect Private Instance  "
},
{
	"uri": "/3-accessibilitytoinstances/3.2-private-instance/3.2.2-createvpcendpoint/3.2.2.2-endpointssmmessages/",
	"title": "Create Endpoint ssmmessages",
	"tags": [],
	"description": "",
	"content": "Create VPC Endpoint SSMMESSAGES  Go to VPC service management console   Click Endpoints. Click Create endpoint.  At the Create endpoint page.   In the Name tag field, enter SSMMESSAGES. In the Service Category section, select AWS Services. In the Service Name section, In the Service category select: AWS services In the Service Name field enter: ssmmessages then select Service Name: com.amazonaws.ap-southeast-1.ssmmessages.  In the Service Name column, click com.amazonaws.ap-southeast-1.ssmmessages.   In the VPC section, select Lab VPC. Select the first AZ, then select the Lab Private Subnet subnet.  Scroll down.   In the Security Group section, select the Security group SG VPC Endpoint that we created earlier. In the Policy section, select Full access  Scroll down.   Click Create endpoint.  We have created the VPC Interface Endpoint SSMMESSAGES.  "
},
{
	"uri": "/2-prerequiste/2.2-createiamrole/",
	"title": "Create IAM Role",
	"tags": [],
	"description": "",
	"content": "Create IAM Role In this step, we will proceed to create IAM Role. In this IAM Role, the policy AmazonSSMManagedInstanceCore will be assigned, this is the policy that allows the EC2 server to communicate with the Session Manager.\n Go to IAM service administration interface In the left navigation bar, click Roles.  Click Create role.  Click AWS service and click EC2.   Click Next: Permissions.  In the Search box, enter AmazonSSMManagedInstanceCore and press Enter to search for this policy.   Click the policy AmazonSSMManagedInstanceCore. Click Next: Tags.  Click Next: Review. Name the Role SSM-Role in Role Name   Click Create Role .  Next, we will make the connection to the EC2 servers we created with Session Manager.\n"
},
{
	"uri": "/2-prerequiste/2.1-createec2/2.1.2-createpublicsubnet/",
	"title": "Create Public Subnet",
	"tags": [],
	"description": "",
	"content": "Create Public Subnet  Click Subnets.   Click Create subnet.  At the Create subnet page.   In the VPC ID section, click Lab VPC. In the Subnet name field, enter Lab Public Subnet. In the Availability Zone section, select the first Availability zone. In the field IPv4 CIRD block enter 10.10.1.0/24.   Scroll to the bottom of the page, click Create subnet.\n  Click Lab Public Subnet.\n   Click Actions. Click Edit subnet settings.  Click Enable auto-assign public IPv4 address.   Click Save.  Click Internet Gateways.   Click Create internet gateway.  At the Create internet gateway page.   In the Name tag field, enter Lab IGW. Click Create internet gateway.  After successful creation, click Actions.   Click Attach to VPC.  At the Attach to VPC page.   In the Available VPCs section, select Lab VPC. Click Attach internet gateway. Check the successful attaching process as shown below.  Next we will create a custom route table to assign to Lab Public Subnet.   Click Route Tables. Click Create route table.  At the Create route table page.   In the Name field, enter Lab Publicrtb. In the VPC section, select Lab VPC. Click Create route table.  After creating the route table successfully.   Click Edit routes.  At the Edit routes page.   Click Add route. In the Destination field, enter 0.0.0.0/0 In the Target section, select Internet Gateway and then select Lab IGW. Click Save changes.  Click the Subnet associations tab.   Click Edit subnet associations to proceed with the associate custom route table we just created in Lab Public Subnet.  At the Edit subnet associations page.   Click on Lab Public Subnet. Click Save associations.  Check that the route table information has been associated with Lab Public Subnet and the internet route information has been pointed to the Internet Gateway as shown below.  "
},
{
	"uri": "/4-s3log/4.2-creates3bucket/",
	"title": "Create S3 Bucket",
	"tags": [],
	"description": "",
	"content": "In this step, we will create an S3 bucket to store session logs sent from EC2 instances.\nCreate S3 Bucket  Access S3 service management console   Click Create bucket.  At the Create bucket page.   In the Bucket name field, enter the bucket name lab-yourname-bucket-0001 In the Region section, select Region you are doing the current lab.  The name of the S3 bucket must not be the same as all other S3 buckets in the system. You can substitute your name and enter a random number when generating the S3 bucket name.\n\rScroll down and click Create bucket.  When we created the S3 bucket we did Block all public access so our EC2 instances won\u0026rsquo;t be able to connect to S3 via the internet. In the next step, we will configure the S3 Gateway Endpoint feature to allow EC2 instances to connect to the S3 bucket via the VPC\u0026rsquo;s internal network.\n\r"
},
{
	"uri": "/3-accessibilitytoinstances/3.2-private-instance/3.2.2-createvpcendpoint/",
	"title": "Create VPC Endpoint",
	"tags": [],
	"description": "",
	"content": "Create VPC Endpoint SSM We will create 3 interface endpoints required by the Session Manager:\n Interface endpoints:  com.amazonaws.region.ssm com.amazonaws.region.ec2messages com.amazonaws.region.ssmmessages    You can refer to more here\nContent:  Create Endpoint ssm Create Endpoint ssmmessages Create Endpoint ec2messages  "
},
{
	"uri": "/2-prerequiste/",
	"title": "Preparation ",
	"tags": [],
	"description": "",
	"content": "\rYou need to create 1 Linux instance on the public subnet and 1 Window instance on the private subnet to perform this lab.\n\rTo learn how to create EC2 instances and VPCs with public/private subnets, you can refer to the lab:\n About Amazon EC2 Works with Amazon VPC  In order to use System Manager to manage our window instances in particular and our instances in general on AWS, we need to give permission to our instances to be able to work with System Manager. In this preparation, we will also proceed to create an IAM Role to grant permissions to instances that can work with System Manager.\nContent  Prepare VPC and EC2 Create IAM Role  "
},
{
	"uri": "/3-accessibilitytoinstances/",
	"title": "Connect to EC2 servers",
	"tags": [],
	"description": "",
	"content": "In this step, we will connect to our EC2 servers, located in both the public and private subnets.\nContent 3.1. Connect to EC2 Public Server 3.2. Cconnect to EC2 Private Server\n"
},
{
	"uri": "/3-accessibilitytoinstances/3.2-private-instance/3.2.3-connectec2/",
	"title": "Connect to instance",
	"tags": [],
	"description": "",
	"content": "Assign IAM role and restart EC2 instance.  Go to EC2 service management console   Click Private Windows Instance. Click Actions. Click Security. Click Modify IAM Role.  At the Modify IAM Role page.   In the IAM role section, select SSM-Role. Click Save.  Click Private Windows Instance.   Click Instance state. Click Reboot instance to restart, then click Reboot to confirm.  Please wait 5 minutes before doing the next step.\n\rConnect to the private EC2 instance.  Go to System Manager - Session Manager service management console   Click Start session.  Click Private Windows Instance.   Click Start session.  Type ipconfig command to check the IP address information of Private Windows Instance as shown below.  "
},
{
	"uri": "/3-accessibilitytoinstances/3.2-private-instance/3.2.2-createvpcendpoint/3.2.2.3-endpointec2messages/",
	"title": "Create Endpoint ec2messages",
	"tags": [],
	"description": "",
	"content": "Create VPC Endpoint EC2MESSAGES  Go to VPC service management console   Click Endpoints. Click Create endpoint.  At the Create endpoint page.   In the Name tag field, enter EC2MESSAGES. In the Service Category section, select AWS Services. In the Service Name section, In the Service category select: AWS services In the field Service Name enter: ec2 then select Service Name: com.amazonaws.ap-southeast-1.ec2messages.  In the Service Name column, click com.amazonaws.ap-southeast-1.ec2messages.   In the VPC section, select Lab VPC. Select the first AZ, then select the Lab Private Subnet subnet.  Scroll down.   In the Security Group section, select the Security group SG VPC Endpoint that we created earlier. In the Policy section, select Full access  Scroll down.   Click Create endpoint.   We have created the VPC Interface Endpoint EC2MESSAGES.\n  Make sure the 3 required endpoints have been created as shown below.\n  "
},
{
	"uri": "/2-prerequiste/2.1-createec2/2.1.3-createprivatesubnet/",
	"title": "Create Private Subnet",
	"tags": [],
	"description": "",
	"content": "Create Private Subnet  Click Subnets.  Click Create subnet.    At the Create subnet page.  In the VPC ID section, click Lab VPC. In the Subnet name field, enter Lab Private Subnet. In the Availability Zone section, select the first Availability zone. In the field IPv4 CIRD block enter 10.10.2.0/24.    Scroll to the bottom of the page, click Create subnet.  The next step is to create the necessary security groups for the lab.\n"
},
{
	"uri": "/4-s3log/4.3-creategwes3/",
	"title": "Create S3 Gateway endpoint",
	"tags": [],
	"description": "",
	"content": " Go to VPC service management console   Click Endpoints. Click Create endpoint.  At the Create endpoint page.   In the Name tag field, enter S3GW. In the Service Category section, click AWS services. In the search box enter S3, then select com.amazonaws.[region].s3  In the Services section, select com.amazonaws.[region].s3 with the Type of Gateway.   In the VPC section, select Lab VPC. In the Route tables section, select both route tables.  Scroll down, click Create endpoint.  The next step is to configure Session Manager to store session logs to the S3 bucket we created.\n"
},
{
	"uri": "/2-prerequiste/2.1-createec2/2.1.4-createsecgroup/",
	"title": "Create security groups",
	"tags": [],
	"description": "",
	"content": "Create security groups In this step, we will proceed to create the security groups used for our instances. As you can see, these security groups will not need to open traditional ports to ssh like port 22 or remote desktop through port 3389.\nCreate security group for Linux instance located in public subnet  Go to VPC service management console   Click Security Group. Click Create security group.  In the Security group name field, enter SG Public Linux Instance.   In the Description section, enter SG Public Linux Instance. In the VPC section, click the X to reselect the Lab VPC you created for this lab.  Keep Outbound rule, drag the mouse to the bottom.   Click Create security group.  As you can see, the security group we created to use for Linux public instances will not need to open traditional ports to ssh like port 22.\n\rCreate a security group for a Windows instance located in a private subnet  After successfully creating a security group for the Linux instance located in the public subnet, click the Security Groups link to return to the Security groups list.   Click Create security group.\n  In the Security group name field, enter SG Private Windows Instance.\n   In the Description section, enter SG Private Windows Instance. In the VPC section, click the X to reselect the Lab VPC you created for this lab.  Scroll down.   Add Outbound rule to allow TCP 443 connection to 10.10.0.0/16 ( CIDR of Lab VPC we created) Click Create security group.  For the Instance in the private subnet, we will connect to the Session Manager endpoint over a TLS encrypted connection, so we need to allow outbound connection from our instance to VPC CIDR through port 443.\n\rCreate security group for VPC Endpoint  In this step, we will create security group for VPC Endpoint of Session Manager. After successfully creating the security group for the Windows instance in the private subnet, click the Security Groups link to return to the Security groups list. Click Create security group. In the Security group name field, enter SG VPC Endpoint.   In the Description section, enter SG VPC Endpoint. In the VPC section, click the X to reselect the Lab VPC you created for this lab.  Scroll down.   Delete Outbound rule.  Add Inbound rule allowing TCP 443 to come from 10.10.0.0/16 ( CIDR of Lab VPC we created ).   Click Create security group.  So we are done creating the necessary security groups for EC2 instances and VPC Endpoints.\n"
},
{
	"uri": "/4-s3log/",
	"title": "Manage session logs",
	"tags": [],
	"description": "",
	"content": "With Session Manager, we can view the history of connections to instances through Session history. However, we have not seen the details of the commands used in a session.\nIn this section, we will proceed to create an S3 bucket and configure the session logs feature to see the details of the commands used in the session.\nContent:  Update IAM Role Create S3 Bucket Create S3 Gateway endpoint Configure Session logs  "
},
{
	"uri": "/4-s3log/4.4-configsessionlogs/",
	"title": "Monitor session logs",
	"tags": [],
	"description": "",
	"content": "Monitor session logs  Access System Manager - Session Manager service management console   Click the Preferences tab. Click Edit.  Scroll down, at S3 logging, click Enable.   Uncheck Allow only encrypted S3 buckets. Click Choose a bucket name from the list. Select the S3 bucket you created.   Scroll down, click Save to save the configuration.\n  Access System Manager - Session Manager service management console\n   Click Start session. Click Private Windows Instance. Click Start session.  Type the command ipconfig.   Type the command hostname. Click Terminate to exit the session, click Terminate again to confirm.  Check Session logs in S3  Go to S3 service management console   Click on the name of the S3 bucket we created for the lab.  Click on the object name sessions log  On the objects detail page, click Open.  Object logs will be opened in a new tab in the browser. You can view the stored commands in session logs.  "
},
{
	"uri": "/2-prerequiste/2.1-createec2/2.1.5-createec2linux/",
	"title": "Create Public instance",
	"tags": [],
	"description": "",
	"content": "Create Public EC2 Linux You refer to how to create EC2 Linux\n Go to EC2 service management console   Click Instances. Click Launch instances.  On the Step 1: Choose an Amazon Machine Image (AMI) page.   Click Select to select AMI Amazon Linux 2 AMI.  On the Step 2: Choose an Instance Type page.   Click on Instance type t2.micro. Click Next: Configure Instance Details.  At Step 3: Configure Instance Details page   In the Network section, select Lab VPC. In the Subnet section, select Lab Public Subnet. In the Auto-assign Public IP section, select Use subnet setting (Enable) Click Next: Add Storage.  Click Next: Add Tags to move to the next step.   Click Next: Configure Security Group to move to the next step.  On page Step 6: Configure Security Group.   Select Select an existing security group. Select security group SG Public Linux Instance. Click Review and Launch.   The warning dialog box appears because we do not configure the firewall to allow connections to port 22, Click Continue to continue.\n  At page Step 7: Review Instance Launch.\n   Click Launch.  In the Select an existing key pair or create a new key pair dialog box.   Click to select Create a new key pair. In the Key pair name field, enter LabKeypair. Click Download Key Pair and save it to your computer. Click Launch Instances to create EC2 server.   Click View Instances to return to the list of EC2 instances.\n  Click the edit icon under the Name column.\n   In the Edit Name dialog box, enter Public Linux Instance. Click Save.  Next, we will do the same to create an EC2 Instance Windows running in the Private subnet.\n"
},
{
	"uri": "/5-portfwd/",
	"title": "Port Forwarding",
	"tags": [],
	"description": "",
	"content": "\rPort Forwarding is a useful way to redirect network traffic from one IP address - Port to another IP address - Port. With Port Forwarding we can access an EC2 instance located in the private subnet from our workstation.\n\rWe will configure Port Forwarding for the RDP connection between our machine and Private Windows Instance located in the private subnet we created for this exercise.\nCreate IAM user with permission to connect SSM  Go to IAM service management console  Click Users , then click Add users.    At the Add user page.  In the User name field, enter Portfwd. Click on Access key - Programmatic access. Click Next: Permissions.     Click Attach existing policies directly.\n In the search box, enter ssm. Click on AmazonSSMFullAccess. Click Next: Tags, click Next: Reviews. Click Create user.    Save Access key ID and Secret access key information to perform AWS CLI configuration.\n  Install and Configure AWS CLI and Session Manager Plugin To perform this hands-on, make sure your workstation has AWS CLI and Session Manager Plugin installed -manager-working-with-install-plugin.html)\nMore hands-on tutorials on installing and configuring the AWS CLI can be found here.\nWith Windows, when extracting the Session Manager Plugin installation folder, run the install.bat file with Administrator permission to perform the installation.\n\rImplement Portforwarding  Run the command below in Command Prompt on your machine to configure Port Forwarding.   aws ssm start-session --target (your ID windows instance) --document-name AWS-StartPortForwardingSession --parameters portNumber=\u0026#34;3389\u0026#34;,localPortNumber=\u0026#34;9999\u0026#34; --region (your region) \rWindows Private Instance Instance ID information can be found when you view the EC2 Windows Private Instance server details.\n\r Example command:  C:\\Windows\\system32\u0026gt;aws ssm start-session --target i-06343d7377486760c --document-name AWS-StartPortForwardingSession --parameters portNumber=\u0026#34;3389\u0026#34;,localPortNumber=\u0026#34;9999\u0026#34; --region ap-southeast-1 \rIf your command gives an error like below: SessionManagerPlugin is not found. Please refer to SessionManager Documentation here: http://docs.aws.amazon.com/console/systems-manager/session-manager-plugin-not-found\nProve that you have not successfully installed the Session Manager Plugin. You may need to relaunch Command Prompt after installing Session Manager Plugin.\n\rConnect to the Private Windows Instance you created using the Remote Desktop tool on your workstation.  In the Computer section: enter localhost:9999.    Return to the administration interface of the System Manager - Session Manager service.  Click tab Session history. We will see session logs with Document name AWS-StartPortForwardingSession.    Congratulations on completing the lab on how to use Session Manager to connect and store session logs in S3 bucket. Remember to perform resource cleanup to avoid unintended costs.\n"
},
{
	"uri": "/6-cleanup/",
	"title": "Clean up resources",
	"tags": [],
	"description": "",
	"content": "We will take the following steps to delete the resources we created in this exercise.\nDelete EC2 instance   Go to EC2 service management console\n Click Instances. Select both Public Linux Instance and Private Windows Instance instances. Click Instance state. Click Terminate instance, then click Terminate to confirm.    Go to IAM service management console\n Click Roles. In the search box, enter SSM. Click to select SSM-Role. Click Delete, then enter the role name SSM-Role and click Delete to delete the role.    Click Users.  Click on user Portfwd. Click Delete, then enter the user name Portfwd and click Delete to delete the user.    Delete S3 bucket   Access System Manager - Session Manager service management console.\n Click the Preferences tab. Click Edit. Scroll down. In the section S3 logging. Uncheck Enable to disable logging. Scroll down. Click Save.    Go to S3 service management console\n Click on the S3 bucket we created for this lab. (Example: lab-fcj-bucket-0001 ) Click Empty. Enter permanently delete, then click Empty to proceed to delete the object in the bucket. Click Exit.    After deleting all objects in the bucket, click Delete\n  Enter the name of the S3 bucket, then click Delete bucket to proceed with deleting the S3 bucket.  Delete VPC Endpoints  Go to VPC service management console  Click Endpoints. Select the 4 endpoints we created for the lab including SSM, SSMMESSAGES, EC2MESSAGES, S3GW. Click Actions. Click Delete VPC endpoints.     In the confirm box, enter delete.\n Click Delete to proceed with deleting endpoints.    Click the refresh icon, check that all endpoints have been deleted before proceeding to the next step.\n  Delete VPC   Go to VPC service management console\n Click Your VPCs. Click on Lab VPC. Click Actions. Click Delete VPC.    In the confirm box, enter delete to confirm, click Delete to delete Lab VPC and related resources.\n  "
},
{
	"uri": "/2-prerequiste/2.1-createec2/2.1.6-createec2windows/",
	"title": "Create Private Instance",
	"tags": [],
	"description": "",
	"content": "Create Private EC2 Windows You refer to how to create EC2 Windows\n Go to EC2 service management console   Click Instances. Click Launch instances.  On the Step 1: Choose an Amazon Machine Image (AMI) page.   Drag the mouse down. Click Select to select AMI Microsoft Windows Server 2019 Base.  On the Step 2: Choose an Instance Type page.   Click on Instance type t2.micro. Click Next: Configure Instance Details.  At Step 3: Configure Instance Details page   In the Network section, select Lab VPC. In the Subnet section, select Lab Private Subnet. At Auto-assign Public IP select Use subnet setting (Disable) Click Next: Add Storage.  Click Next: Add Tags to move to the next step.   Click Next: Configure Security Group to move to the next step.  On page Step 6: Configure Security Group.   Select Select an existing security group. Select security group SG Private Windows Instance. Click Review and Launch.   The warning dialog box appears because we do not configure the firewall to allow connections to port 22, Click Continue to continue.\n  At page Step 7: Review Instance Launch.\n   Click Launch.  In the Select an existing key pair or create a new key pair dialog box.   Click Choose an existing key pair. In the Key pair name section, select LabKeypair. Click I acknowledge that I have access to the corresponding private key file, and that without this file, I won\u0026rsquo;t be able to log into my instance.. Click Launch Instances to create EC2 server.   Click View Instances to return to the list of EC2 instances.\n  Click the edit icon under the Name column.\n   In the Edit Name dialog box, enter Private Windows Instance. Click Save.  Next, we will proceed to create IAM Roles to serve the Session Manager.\n"
},
{
	"uri": "/categories/",
	"title": "Categories",
	"tags": [],
	"description": "",
	"content": ""
},
{
	"uri": "/tags/",
	"title": "Tags",
	"tags": [],
	"description": "",
	"content": ""
}]