<?xml version="1.0" encoding="utf-8" standalone="yes"?>
<rss version="2.0" xmlns:atom="http://www.w3.org/2005/Atom">
  <channel>
    <title>Read Consistency on WORK WITH AMAZON DYNAMODB</title>
    <link>/1-introduce/1.5-readconsistency/</link>
    <description>Recent content in Read Consistency on WORK WITH AMAZON DYNAMODB</description>
    <generator>Hugo -- gohugo.io</generator><atom:link href="/1-introduce/1.5-readconsistency/index.xml" rel="self" type="application/rss+xml" />
  </channel>
</rss>
