<?xml version="1.0" encoding="utf-8" standalone="yes"?>
<rss version="2.0" xmlns:atom="http://www.w3.org/2005/Atom">
  <channel>
    <title>Endpoints use AWS CLI on Amazon ElastiCache - Redis</title>
    <link>/vi/3-amazonelasticacheforredis/3.5-connect-to-the-cluster_s-node/3.5.3-finding-endpoints-aws-cli/</link>
    <description>Recent content in Endpoints use AWS CLI on Amazon ElastiCache - Redis</description>
    <generator>Hugo -- gohugo.io</generator><atom:link href="/vi/3-amazonelasticacheforredis/3.5-connect-to-the-cluster_s-node/3.5.3-finding-endpoints-aws-cli/index.xml" rel="self" type="application/rss+xml" />
  </channel>
</rss>
