<?xml version="1.0" encoding="utf-8" standalone="yes"?>
<rss version="2.0" xmlns:atom="http://www.w3.org/2005/Atom">
  <channel>
    <title>Tạo Global secondary index on LÀM VIỆC VỚI AMAZON DYNAMODB</title>
    <link>/vi/2-prerequiste/2.1-useawsmanagementconsole/2.1.7-creategobalsecondaryindex/</link>
    <description>Recent content in Tạo Global secondary index on LÀM VIỆC VỚI AMAZON DYNAMODB</description>
    <generator>Hugo -- gohugo.io</generator><atom:link href="/vi/2-prerequiste/2.1-useawsmanagementconsole/2.1.7-creategobalsecondaryindex/index.xml" rel="self" type="application/rss+xml" />
  </channel>
</rss>
