<?xml version="1.0" encoding="utf-8" standalone="yes"?>
<rss version="2.0" xmlns:atom="http://www.w3.org/2005/Atom">
  <channel>
    <title>Cập nhật dữ liệu on LÀM VIỆC VỚI AMAZON DYNAMODB</title>
    <link>/vi/3-gettingstartedwithawssdk/3.2-pythonandynamodb/3.2.4-updatedata/</link>
    <description>Recent content in Cập nhật dữ liệu on LÀM VIỆC VỚI AMAZON DYNAMODB</description>
    <generator>Hugo -- gohugo.io</generator><atom:link href="/vi/3-gettingstartedwithawssdk/3.2-pythonandynamodb/3.2.4-updatedata/index.xml" rel="self" type="application/rss+xml" />
  </channel>
</rss>
