<?xml version="1.0" encoding="utf-8" standalone="yes"?>
<rss version="2.0" xmlns:atom="http://www.w3.org/2005/Atom">
  <channel>
    <title>Core Components of Amazon DynamoDB on WORK WITH AMAZON DYNAMODB</title>
    <link>/1-introduce/1.1-corecomponentsofamazondynamodb/</link>
    <description>Recent content in Core Components of Amazon DynamoDB on WORK WITH AMAZON DYNAMODB</description>
    <generator>Hugo -- gohugo.io</generator><atom:link href="/1-introduce/1.1-corecomponentsofamazondynamodb/index.xml" rel="self" type="application/rss+xml" />
  </channel>
</rss>
