<?xml version="1.0" encoding="utf-8" standalone="yes"?>
<rss version="2.0" xmlns:atom="http://www.w3.org/2005/Atom">
  <channel>
    <title>Tạo cluster (cluster mode disabled) on Amazon ElastiCache - Redis</title>
    <link>/vi/3-amazonelasticacheforredis/3.2-create-a-clustercluster-mode-disabled/</link>
    <description>Recent content in Tạo cluster (cluster mode disabled) on Amazon ElastiCache - Redis</description>
    <generator>Hugo -- gohugo.io</generator><atom:link href="/vi/3-amazonelasticacheforredis/3.2-create-a-clustercluster-mode-disabled/index.xml" rel="self" type="application/rss+xml" />
  </channel>
</rss>
