<?xml version="1.0" encoding="utf-8" standalone="yes"?>
<rss version="2.0" xmlns:atom="http://www.w3.org/2005/Atom">
  <channel>
    <title>Categories on WORK WITH AMAZON SYSTEM MANAGER - SESSION MANAGER</title>
    <link>/categories/</link>
    <description>Recent content in Categories on WORK WITH AMAZON SYSTEM MANAGER - SESSION MANAGER</description>
    <generator>Hugo -- gohugo.io</generator><atom:link href="/categories/index.xml" rel="self" type="application/rss+xml" />
  </channel>
</rss>
