<?xml version="1.0" encoding="utf-8" standalone="yes"?>
<rss version="2.0" xmlns:atom="http://www.w3.org/2005/Atom">
  <channel>
    <title>Grant access to the cluster on  Amazon ElastiCache - Redis</title>
    <link>/3-amazonelasticacheforredis/3.4-grantaccesstocluster/</link>
    <description>Recent content in Grant access to the cluster on  Amazon ElastiCache - Redis</description>
    <generator>Hugo -- gohugo.io</generator><atom:link href="/3-amazonelasticacheforredis/3.4-grantaccesstocluster/index.xml" rel="self" type="application/rss+xml" />
  </channel>
</rss>
