<?xml version="1.0" encoding="utf-8" standalone="yes"?>
<rss version="2.0" xmlns:atom="http://www.w3.org/2005/Atom">
  <channel>
    <title>Session Management on LÀM VIỆC VỚI AMAZON SYSTEM MANAGER - SESSION MANAGER</title>
    <link>/vi/</link>
    <description>Recent content in Session Management on LÀM VIỆC VỚI AMAZON SYSTEM MANAGER - SESSION MANAGER</description>
    <generator>Hugo -- gohugo.io</generator>
    <lastBuildDate>Thu, 01 Jan 1970 07:33:41 +0700</lastBuildDate><atom:link href="/vi/index.xml" rel="self" type="application/rss+xml" />
  </channel>
</rss>
