<?xml version="1.0" encoding="utf-8" standalone="yes"?>
<rss version="2.0" xmlns:atom="http://www.w3.org/2005/Atom">
  <channel>
    <title>Dọn dẹp tài nguyên on LÀM VIỆC VỚI AMAZON DYNAMODB</title>
    <link>/vi/4-cleanupresource/</link>
    <description>Recent content in Dọn dẹp tài nguyên on LÀM VIỆC VỚI AMAZON DYNAMODB</description>
    <generator>Hugo -- gohugo.io</generator><atom:link href="/vi/4-cleanupresource/index.xml" rel="self" type="application/rss+xml" />
  </channel>
</rss>
