<?xml version="1.0" encoding="utf-8" standalone="yes"?>
<rss version="2.0" xmlns:atom="http://www.w3.org/2005/Atom">
  <channel>
    <title>Use Console on  Amazon ElastiCache - Redis</title>
    <link>/3-amazonelasticacheforredis/3.1-create-a-subnet-group/3.1.1-useconsole/</link>
    <description>Recent content in Use Console on  Amazon ElastiCache - Redis</description>
    <generator>Hugo -- gohugo.io</generator><atom:link href="/3-amazonelasticacheforredis/3.1-create-a-subnet-group/3.1.1-useconsole/index.xml" rel="self" type="application/rss+xml" />
  </channel>
</rss>
