<?xml version="1.0" encoding="utf-8" standalone="yes"?>
<rss version="2.0" xmlns:atom="http://www.w3.org/2005/Atom">
  <channel>
    <title>Amazon ElastiCache for Redis</title>
    <link>/3-amazonelasticacheforredis/3.4-authorize-access-to-the-cluster/</link>
    <description>Recent content on Amazon ElastiCache for Redis</description>
    <generator>Hugo -- gohugo.io</generator>
    
	<atom:link href="/3-amazonelasticacheforredis/3.4-authorize-access-to-the-cluster/index.xml" rel="self" type="application/rss+xml" />
    
    
  </channel>
</rss>