<?xml version="1.0" encoding="utf-8" standalone="yes"?>
<rss version="2.0" xmlns:atom="http://www.w3.org/2005/Atom">
  <channel>
    <title>Tải dữ liệu mẫu on LÀM VIỆC VỚI AMAZON DYNAMODB</title>
    <link>/vi/3-gettingstartedwithawssdk/3.2-pythonandynamodb/3.2.6-loadsampledata/</link>
    <description>Recent content in Tải dữ liệu mẫu on LÀM VIỆC VỚI AMAZON DYNAMODB</description>
    <generator>Hugo -- gohugo.io</generator><atom:link href="/vi/3-gettingstartedwithawssdk/3.2-pythonandynamodb/3.2.6-loadsampledata/index.xml" rel="self" type="application/rss+xml" />
  </channel>
</rss>
