<?xml version="1.0" encoding="utf-8" standalone="yes"?>
<rss version="2.0" xmlns:atom="http://www.w3.org/2005/Atom">
  <channel>
    <title>Sử dụng AWS SDK để ghi và đọc dữ liệu trên ElastiCache on Amazon ElastiCache - Redis</title>
    <link>/vi/4-sdkelasticache/</link>
    <description>Recent content in Sử dụng AWS SDK để ghi và đọc dữ liệu trên ElastiCache on Amazon ElastiCache - Redis</description>
    <generator>Hugo -- gohugo.io</generator><atom:link href="/vi/4-sdkelasticache/index.xml" rel="self" type="application/rss+xml" />
  </channel>
</rss>
