<?xml version="1.0" encoding="utf-8" standalone="yes"?>
<rss version="2.0" xmlns:atom="http://www.w3.org/2005/Atom">
  <channel>
    <title>Delete data on WORK WITH AMAZON DYNAMODB</title>
    <link>/3-gettingstartedwithawssdk/3.2-pythonandynamodb/3.2.5-deletedata/</link>
    <description>Recent content in Delete data on WORK WITH AMAZON DYNAMODB</description>
    <generator>Hugo -- gohugo.io</generator><atom:link href="/3-gettingstartedwithawssdk/3.2-pythonandynamodb/3.2.5-deletedata/index.xml" rel="self" type="application/rss+xml" />
  </channel>
</rss>
