<?xml version="1.0" encoding="utf-8" standalone="yes"?>
<rss version="2.0" xmlns:atom="http://www.w3.org/2005/Atom">
  <channel>
    <title>Các thành phần cốt lõi của Amazon DynamoDB on LÀM VIỆC VỚI AMAZON DYNAMODB</title>
    <link>/vi/1-introduce/1.1-corecomponentsofamazondynamodb/</link>
    <description>Recent content in Các thành phần cốt lõi của Amazon DynamoDB on LÀM VIỆC VỚI AMAZON DYNAMODB</description>
    <generator>Hugo -- gohugo.io</generator><atom:link href="/vi/1-introduce/1.1-corecomponentsofamazondynamodb/index.xml" rel="self" type="application/rss+xml" />
  </channel>
</rss>
