<?xml version="1.0" encoding="utf-8" standalone="yes"?>
<rss version="2.0" xmlns:atom="http://www.w3.org/2005/Atom">
  <channel>
    <title>Quay lại giao diện Dashboard on BẮT ĐẦU VỚI AWS CLOUD 9</title>
    <link>/vi/2-basicfeature/2.3-backtodashboard/</link>
    <description>Recent content in Quay lại giao diện Dashboard on BẮT ĐẦU VỚI AWS CLOUD 9</description>
    <generator>Hugo -- gohugo.io</generator><atom:link href="/vi/2-basicfeature/2.3-backtodashboard/index.xml" rel="self" type="application/rss+xml" />
  </channel>
</rss>
