<?xml version="1.0" encoding="utf-8" standalone="yes"?>
<rss version="2.0" xmlns:atom="http://www.w3.org/2005/Atom">
  <channel>
    <title>Basic Features on GET STARTED WITH AWS CLOUD 9</title>
    <link>/2-basicfeature/</link>
    <description>Recent content in Basic Features on GET STARTED WITH AWS CLOUD 9</description>
    <generator>Hugo -- gohugo.io</generator>
    <lastBuildDate>Thu, 01 Jan 1970 07:33:41 +0700</lastBuildDate><atom:link href="/2-basicfeature/index.xml" rel="self" type="application/rss+xml" />
  </channel>
</rss>
