<?xml version="1.0" encoding="utf-8" standalone="yes"?>
<rss version="2.0" xmlns:atom="http://www.w3.org/2005/Atom">
  <channel>
    <title>Cài đặt AWS CLI on Amazon ElastiCache - Redis</title>
    <link>/vi/2-prerequiste/2.2-install-aws-cli/</link>
    <description>Recent content in Cài đặt AWS CLI on Amazon ElastiCache - Redis</description>
    <generator>Hugo -- gohugo.io</generator><atom:link href="/vi/2-prerequiste/2.2-install-aws-cli/index.xml" rel="self" type="application/rss+xml" />
  </channel>
</rss>
