<?xml version="1.0" encoding="utf-8" standalone="yes"?>
<rss version="2.0" xmlns:atom="http://www.w3.org/2005/Atom">
  <channel>
    <title>Getting Started with AWS Cloud 9 on GET STARTED WITH AWS CLOUD 9</title>
    <link>/</link>
    <description>Recent content in Getting Started with AWS Cloud 9 on GET STARTED WITH AWS CLOUD 9</description>
    <generator>Hugo -- gohugo.io</generator>
    <lastBuildDate>Sat, 18 Apr 2020 00:38:32 +0700</lastBuildDate><atom:link href="/index.xml" rel="self" type="application/rss+xml" />
  </channel>
</rss>
