<?xml version="1.0" encoding="utf-8" standalone="yes"?>
<rss version="2.0" xmlns:atom="http://www.w3.org/2005/Atom">
  <channel>
    <title>Create access key on WORK WITH AMAZON DYNAMODB</title>
    <link>/2-prerequiste/2.1-useawsmanagementconsole/2.1.1-createaccesskeys/</link>
    <description>Recent content in Create access key on WORK WITH AMAZON DYNAMODB</description>
    <generator>Hugo -- gohugo.io</generator><atom:link href="/2-prerequiste/2.1-useawsmanagementconsole/2.1.1-createaccesskeys/index.xml" rel="self" type="application/rss+xml" />
  </channel>
</rss>
