<?xml version="1.0" encoding="utf-8" standalone="yes"?>
<rss version="2.0" xmlns:atom="http://www.w3.org/2005/Atom">
  <channel>
    <title>Ghi dữ liệu on LÀM VIỆC VỚI AMAZON DYNAMODB</title>
    <link>/vi/2-prerequiste/2.2-useawscloudshell/2.2.2-writedata/</link>
    <description>Recent content in Ghi dữ liệu on LÀM VIỆC VỚI AMAZON DYNAMODB</description>
    <generator>Hugo -- gohugo.io</generator><atom:link href="/vi/2-prerequiste/2.2-useawscloudshell/2.2.2-writedata/index.xml" rel="self" type="application/rss+xml" />
  </channel>
</rss>
