<?xml version="1.0" encoding="utf-8" standalone="yes"?>
<rss version="2.0" xmlns:atom="http://www.w3.org/2005/Atom">
  <channel>
    <title>Tạo S3 Bucket để theo dõi session logs on Thiết lập AWS Account</title>
    <link>/vi/3-accessibilitytoinstances/3.3-s3forlog/</link>
    <description>Recent content in Tạo S3 Bucket để theo dõi session logs on Thiết lập AWS Account</description>
    <generator>Hugo -- gohugo.io</generator><atom:link href="/vi/3-accessibilitytoinstances/3.3-s3forlog/index.xml" rel="self" type="application/rss+xml" />
  </channel>
</rss>
