<?xml version="1.0" encoding="utf-8" standalone="yes"?>
<rss version="2.0" xmlns:atom="http://www.w3.org/2005/Atom">
  <channel>
    <title>Tạo Public Linux EC2 on LÀM VIỆC VỚI AMAZON SYSTEM MANAGER - SESSION MANAGER</title>
    <link>/vi/2-prerequiste/2.1-createec2/2.1.5-createec2linux/</link>
    <description>Recent content in Tạo Public Linux EC2 on LÀM VIỆC VỚI AMAZON SYSTEM MANAGER - SESSION MANAGER</description>
    <generator>Hugo -- gohugo.io</generator><atom:link href="/vi/2-prerequiste/2.1-createec2/2.1.5-createec2linux/index.xml" rel="self" type="application/rss+xml" />
  </channel>
</rss>
