<?xml version="1.0" encoding="utf-8" standalone="yes"?>
<rss version="2.0" xmlns:atom="http://www.w3.org/2005/Atom">
  <channel>
    <title>Connecting to a cluster (mode disabled cluster) on  Amazon ElastiCache - Redis</title>
    <link>/4-sdkelasticache/4.2-connecting-to-elasticache/4.2.1-connecting-to-a-cluster-mode-disabled-cluster/</link>
    <description>Recent content in Connecting to a cluster (mode disabled cluster) on  Amazon ElastiCache - Redis</description>
    <generator>Hugo -- gohugo.io</generator><atom:link href="/4-sdkelasticache/4.2-connecting-to-elasticache/4.2.1-connecting-to-a-cluster-mode-disabled-cluster/index.xml" rel="self" type="application/rss+xml" />
  </channel>
</rss>
