<?xml version="1.0" encoding="utf-8" standalone="yes"?>
<rss version="2.0" xmlns:atom="http://www.w3.org/2005/Atom">
  <channel>
    <title>Connect to cluster node on  Amazon ElastiCache - Redis</title>
    <link>/3-amazonelasticacheforredis/3.5-connect-to-the-cluster_s-node/</link>
    <description>Recent content in Connect to cluster node on  Amazon ElastiCache - Redis</description>
    <generator>Hugo -- gohugo.io</generator><atom:link href="/3-amazonelasticacheforredis/3.5-connect-to-the-cluster_s-node/index.xml" rel="self" type="application/rss+xml" />
  </channel>
</rss>
