<?xml version="1.0" encoding="utf-8" standalone="yes"?>
<rss version="2.0" xmlns:atom="http://www.w3.org/2005/Atom">
  <channel>
    <title>Create S3 Bucket to track session logs on AWS Account Setup</title>
    <link>/3-accessibilitytoinstances/3.3-s3forlog/</link>
    <description>Recent content in Create S3 Bucket to track session logs on AWS Account Setup</description>
    <generator>Hugo -- gohugo.io</generator><atom:link href="/3-accessibilitytoinstances/3.3-s3forlog/index.xml" rel="self" type="application/rss+xml" />
  </channel>
</rss>
