<?xml version="1.0" encoding="utf-8" standalone="yes"?>
<rss version="2.0" xmlns:atom="http://www.w3.org/2005/Atom">
  <channel>
    <title>Working with text files on GET STARTED WITH AWS CLOUD 9</title>
    <link>/2-basicfeature/2.2-edittext/</link>
    <description>Recent content in Working with text files on GET STARTED WITH AWS CLOUD 9</description>
    <generator>Hugo -- gohugo.io</generator><atom:link href="/2-basicfeature/2.2-edittext/index.xml" rel="self" type="application/rss+xml" />
  </channel>
</rss>
