<?xml version="1.0" encoding="utf-8" standalone="yes"?>
<rss version="2.0" xmlns:atom="http://www.w3.org/2005/Atom">
  <channel>
    <title>Configure AWS CLI on  Amazon ElastiCache - Redis</title>
    <link>/2-prerequiste/2.3-configure-aws-cli/</link>
    <description>Recent content in Configure AWS CLI on  Amazon ElastiCache - Redis</description>
    <generator>Hugo -- gohugo.io</generator><atom:link href="/2-prerequiste/2.3-configure-aws-cli/index.xml" rel="self" type="application/rss+xml" />
  </channel>
</rss>
