<?xml version="1.0" encoding="utf-8" standalone="yes"?>
<rss version="2.0" xmlns:atom="http://www.w3.org/2005/Atom">
  <channel>
    <title>Tính năng cơ bản on BẮT ĐẦU VỚI AWS CLOUD 9</title>
    <link>/vi/2-basicfeature/</link>
    <description>Recent content in Tính năng cơ bản on BẮT ĐẦU VỚI AWS CLOUD 9</description>
    <generator>Hugo -- gohugo.io</generator><atom:link href="/vi/2-basicfeature/index.xml" rel="self" type="application/rss+xml" />
  </channel>
</rss>
