<?xml version="1.0" encoding="utf-8" standalone="yes"?>
<rss version="2.0" xmlns:atom="http://www.w3.org/2005/Atom">
  <channel>
    <title>Create S3 Bucket on WORK WITH AMAZON SYSTEM MANAGER - SESSION MANAGER</title>
    <link>/4-s3log/4.2-creates3bucket/</link>
    <description>Recent content in Create S3 Bucket on WORK WITH AMAZON SYSTEM MANAGER - SESSION MANAGER</description>
    <generator>Hugo -- gohugo.io</generator><atom:link href="/4-s3log/4.2-creates3bucket/index.xml" rel="self" type="application/rss+xml" />
  </channel>
</rss>
