<?xml version="1.0" encoding="utf-8" standalone="yes"?>
<rss version="2.0" xmlns:atom="http://www.w3.org/2005/Atom">
  <channel>
    <title>Create Public Subnet on WORK WITH AMAZON SYSTEM MANAGER - SESSION MANAGER</title>
    <link>/2-prerequiste/2.1-createec2/2.1.2-createpublicsubnet/</link>
    <description>Recent content in Create Public Subnet on WORK WITH AMAZON SYSTEM MANAGER - SESSION MANAGER</description>
    <generator>Hugo -- gohugo.io</generator><atom:link href="/2-prerequiste/2.1-createec2/2.1.2-createpublicsubnet/index.xml" rel="self" type="application/rss+xml" />
  </channel>
</rss>
