<?xml version="1.0" encoding="utf-8" standalone="yes"?>
<rss version="2.0" xmlns:atom="http://www.w3.org/2005/Atom">
  <channel>
    <title>Bắt đầu với AWS SDK on LÀM VIỆC VỚI AMAZON DYNAMODB</title>
    <link>/vi/3-gettingstartedwithawssdk/</link>
    <description>Recent content in Bắt đầu với AWS SDK on LÀM VIỆC VỚI AMAZON DYNAMODB</description>
    <generator>Hugo -- gohugo.io</generator><atom:link href="/vi/3-gettingstartedwithawssdk/index.xml" rel="self" type="application/rss+xml" />
  </channel>
</rss>
