<?xml version="1.0" encoding="utf-8" standalone="yes"?>
<rss version="2.0" xmlns:atom="http://www.w3.org/2005/Atom">
  <channel>
    <title>Quy tắc đặt tên và kiểu dữ liệu on LÀM VIỆC VỚI AMAZON DYNAMODB</title>
    <link>/vi/1-introduce/1.4-namingrulesanddatatypes/</link>
    <description>Recent content in Quy tắc đặt tên và kiểu dữ liệu on LÀM VIỆC VỚI AMAZON DYNAMODB</description>
    <generator>Hugo -- gohugo.io</generator><atom:link href="/vi/1-introduce/1.4-namingrulesanddatatypes/index.xml" rel="self" type="application/rss+xml" />
  </channel>
</rss>
