<?xml version="1.0" encoding="utf-8" standalone="yes"?>
<rss version="2.0" xmlns:atom="http://www.w3.org/2005/Atom">
  <channel>
    <title>Tạo IAM Role on LÀM VIỆC VỚI AMAZON SYSTEM MANAGER - SESSION MANAGER</title>
    <link>/vi/2-prerequiste/2.2-createiamrole/</link>
    <description>Recent content in Tạo IAM Role on LÀM VIỆC VỚI AMAZON SYSTEM MANAGER - SESSION MANAGER</description>
    <generator>Hugo -- gohugo.io</generator><atom:link href="/vi/2-prerequiste/2.2-createiamrole/index.xml" rel="self" type="application/rss+xml" />
  </channel>
</rss>
