<?xml version="1.0" encoding="utf-8" standalone="yes"?>
<rss version="2.0" xmlns:atom="http://www.w3.org/2005/Atom">
  <channel>
    <title>Read/Write Capacity Mode on LÀM VIỆC VỚI AMAZON DYNAMODB</title>
    <link>/vi/1-introduce/1.6-readwritecapacitymode/</link>
    <description>Recent content in Read/Write Capacity Mode on LÀM VIỆC VỚI AMAZON DYNAMODB</description>
    <generator>Hugo -- gohugo.io</generator><atom:link href="/vi/1-introduce/1.6-readwritecapacitymode/index.xml" rel="self" type="application/rss+xml" />
  </channel>
</rss>
