<?xml version="1.0" encoding="utf-8" standalone="yes"?>
<rss version="2.0" xmlns:atom="http://www.w3.org/2005/Atom">
  <channel>
    <title>Connect to Public Instance on WORK WITH AMAZON SYSTEM MANAGER - SESSION MANAGER</title>
    <link>/3-accessibilitytoinstances/3.1-public-instance/</link>
    <description>Recent content in Connect to Public Instance on WORK WITH AMAZON SYSTEM MANAGER - SESSION MANAGER</description>
    <generator>Hugo -- gohugo.io</generator><atom:link href="/3-accessibilitytoinstances/3.1-public-instance/index.xml" rel="self" type="application/rss+xml" />
  </channel>
</rss>
