[
{
	"uri": "/vi/",
	"title": "Amazon DynamoDB",
	"tags": [],
	"description": "",
	"content": "Làm việc với Amazon DynamoDB Tổng quan Trong bài lab này, bạn sẽ tìm hiểu các khái niệm cơ bản và thực hành về Amazon DynamoDB. Thực hành Python với Amazon DynamoDB.\nNội dung  Giới thiệu Các bước chuẩn bị Bắt đầu với AWS SDK Dọn dẹp tài nguyên  "
},
{
	"uri": "/vi/1-introduce/1.1-corecomponentsofamazondynamodb/",
	"title": "Các thành phần cốt lõi của Amazon DynamoDB",
	"tags": [],
	"description": "",
	"content": "  Table: Tương tự như các hệ thống cơ sở dữ liệu khác, DynamoDB lưu trữ dữ liệu trong table. Table là một tập hợp dữ liệu.\n  Item: Mỗi table chứa không hoặc nhiều item. Các item trong DynamoDB khá tương đồng với khái niệm hàng trong cơ sở dữ liệu quan hệ, bản ghi hoặc bộ dữ liệu trong các hệ thống cơ sở dữ liệu khác. Trong DynamoDB, không có giới hạn về số lượng item bạn có thể lưu trữ trong một table.\n  Attribute: Mỗi item bao gồm một hoặc nhiều attribute. Attribute là một phần tử dữ liệu cơ bản, không cần phải chia nhỏ thêm nữa. Các attribute trong DynamoDB theo nhiều cách tương tự với các cột trong các hệ thống cơ sở dữ liệu khác.\n  "
},
{
	"uri": "/vi/3-gettingstartedwithawssdk/3.1-configureawscli/",
	"title": "Cấu hình AWS CLI",
	"tags": [],
	"description": "",
	"content": "  Mở Window Command Prompt, chọn chế độ Run as administrator\n  Gõ lệnh aws configure\n  Nhập chi tiết thông tin từ file csv ở phần 2.1.1 Tạo access key:\n  AWS Access Key ID\n  AWS Secret Access Key\n  Default region name\n  Default output format: bỏ trống\n    Cài đặt Python 2.6 trở lên.\n  Kiểm tra version python để xác định đã cài đặt thành công bằng lệnh python --version\n  Cài đặt thư viện Boto3 bằng lệnh pip install boto3\n  "
},
{
	"uri": "/vi/1-introduce/",
	"title": "Giới thiệu",
	"tags": [],
	"description": "",
	"content": "Amazon DynamoDB là một dịch vụ cơ sở dữ liệu NoSQL được quản lý hoàn toàn, cung cấp hiệu suất nhanh và có thể dự đoán được với khả năng mở rộng liền mạch. DynamoDB cho phép giảm bớt gánh nặng quản trị của việc vận hành và mở rộng cơ sở dữ liệu phân tán, cung cấp phần cứng, thiết lập và cấu hình, sao chép, vá lỗi phần mềm hoặc mở rộng cụm. DynamoDB cũng cung cấp mã hóa ở trạng thái nghỉ.\n DynamoDB tạo các table cơ sở dữ liệu có thể lưu trữ và truy xuất bất kỳ lượng dữ liệu nào và phục vụ bất kỳ mức lưu lượng yêu cầu nào. Có thể tăng hoặc giảm quy mô công suất thông qua table của mình mà không có thời gian chết hoặc giảm hiệu suất. DynamoDB cung cấp khả năng sao lưu theo yêu cầu. Nó cho phép bạn tạo bản sao lưu đầy đủ các table để lưu giữ và lưu trữ lâu dài cho các nhu cầu tuân thủ quy định. Có thể tạo bản sao lưu theo yêu cầu và bật khôi phục tại thời điểm cho các table Amazon DynamoDB. Khôi phục theo thời gian giúp bảo vệ table khỏi các thao tác ghi hoặc xóa ngẫu nhiên. Với khôi phục theo thời gian, có thể khôi phục table về bất kỳ thời điểm nào trong 35 ngày qua. DynamoDB cho phép tự động xóa các item đã hết hạn khỏi table giúp giảm mức sử dụng bộ nhớ và chi phí lưu trữ dữ liệu không còn phù hợp.  "
},
{
	"uri": "/vi/2-prerequiste/2.1-useawsmanagementconsole/",
	"title": "Sử dụng AWS Management Console",
	"tags": [],
	"description": "",
	"content": "Bạn có thể truy cập bảng điều khiển quản lý AWS cho Amazon DynamoDB tại bảng điều khiển quản lý AWS cho Amazon DynamoDB.\nBạn có thể sử dụng bảng điều khiển để thực hiện những việc sau trong DynamoDB:\n  Theo dõi các cảnh báo gần đây, tổng dung lượng, tình trạng dịch vụ và tin tức DynamoDB mới nhất trên bảng điều khiển DynamoDB.\n  Tạo, cập nhật và xóa table. Máy tính công suất cung cấp ước tính về số lượng đơn vị dung lượng cần yêu cầu dựa trên thông tin sử dụng bạn cung cấp.\n  Quản lý luồng.\n  Xem, thêm, cập nhật và xóa các item được lưu trữ trong table. Quản lý thời gian tồn tại (TTL) để xác định thời điểm các item trong table hết hạn để chúng có thể tự động bị xóa khỏi cơ sở dữ liệu.\n  Truy vấn và quét table.\n  Thiết lập và xem cảnh báo để giám sát việc sử dụng công suất của table. Xem các chỉ số giám sát hàng đầu của table của bạn trên biểu đồ thời gian thực từ CloudWatch.\n  Sửa đổi dung lượng được cung cấp của table.\n  Sửa đổi lớp table của table.\n  Tạo và xóa các Secondary Index toàn cầu.\n  Tạo trình kích hoạt để kết nối các luồng DynamoDB với các chức năng AWS Lambda.\n  Áp dụng các tag cho tài nguyên của bạn để giúp tổ chức và xác định chúng.\n  Mua dung lượng dự trữ ( reversed capacity).\n  Nếu bạn có thể dự đoán nhu cầu của mình đối với thông lượng đọc và ghi của Amazon DynamoDB, thì dung lượng dự trữ sẽ tiết kiệm đáng kể so với mức giá bình thường của dung lượng thông lượng được DynamoDB cung cấp. Bạn trả phí trả trước một lần và cam kết thanh toán cho mức sử dụng tối thiểu với mức giá cụ thể theo giờ trong suốt thời hạn dung lượng đã bảo lưu.\n\rManagement console hiển thị màn hình giới thiệu nhắc bạn tạo table đầu tiên của mình. Để xem các table của bạn, trong thanh điều hướng ở phía bên trái của bảng điều khiển, hãy chọn Tables .\nDưới đây là tổng quan cấp cao về các tác vụ có sẵn trên mỗi table trong mỗi tab điều hướng:\n  Tổng quan - Xem chi tiết table, bao gồm số lượng item và số liệu.\n  index - Quản lý các index thứ cấp toàn cầu và cục bộ.\n  Monitoring - Xem báo thức, Thông tin chi tiết về cộng tác viên CloudWatch và các chỉ số Cloudwatch.\n  Global table - Quản lý bản sao table.\n  Backup - Quản lý khôi phục tại thời điểm và sao lưu theo yêu cầu.\n  Export \u0026amp; Stream - Xuất table của bạn sang Amazon S3 và quản lý Luồng DynamoDB và Luồng dữ liệu Kinesis.\n  Cài đặt bổ sung - Quản lý dung lượng đọc / ghi, cài đặt Thời gian tồn tại, mã hóa và tag.\n  "
},
{
	"uri": "/vi/2-prerequiste/2.1-useawsmanagementconsole/2.1.1-createaccesskeys/",
	"title": "Tạo khóa truy cập",
	"tags": [],
	"description": "",
	"content": "Tạo khóa truy cập cho người dùng IAM   Đăng nhập vào bảng điều khiển quản lý AWS và mở bảng điều khiển IAM tại bảng điều khiển IAM.\n  Trong thanh điều hướng, chọn Users.\n   Chọn tên của người dùng có khóa truy cập bạn muốn tạo, sau đó chọn tab Security credentials.\n  Trong phần Access keys, chọn Create access key.\n  Để xem access key mới, hãy chọn Show. Thông tin đăng nhập của bạn sẽ trông giống như sau:  Access key ID: AKIAIOSFODNN7EXAMPLE\rSecret access key: wJalrXUtnFEMI / K7MDENG / bPxRfiCYEXAMPLEKEY`` Để tải xuống cặp khóa, hãy chọn Download .csv file.  Sau khi bạn tải xuống tệp .csv, chọn Close  "
},
{
	"uri": "/vi/2-prerequiste/2.2-useawscloudshell/2.2.1-createtable/",
	"title": "Tạo table",
	"tags": [],
	"description": "",
	"content": "  Khởi động AWS CloudShell tại Giao diện CloudShell\n  Gõ lệnh aws configure\n  Nhập chi tiết thông tin từ file csv ở phần 2.1.1 Tạo Access key:\n   AWS Access Key ID AWS Secret Access Key Default region name Default output format  Để tạo table, ta sử dụng lệnh create-table . Gõ lệnh:  aws dynamodb create-table \\\r--table-name Music \\\r--attribute-definitions \\\rAttributeName=Artist,AttributeType=S \\\rAttributeName=SongTitle,AttributeType=S \\\r--key-schema \\\rAttributeName=Artist,KeyType=HASH \\\rAttributeName=SongTitle,KeyType=RANGE \\\r--provisioned-throughput \\\rReadCapacityUnits=10,WriteCapacityUnits=5 \\\r--table-class STANDARD Kết quả:   Kết quả trên AWS CloudShell:  {\r\u0026#34;TableDescription\u0026#34;: {\r\u0026#34;AttributeDefinitions\u0026#34;: [\r{\r\u0026#34;AttributeName\u0026#34;: \u0026#34;Artist\u0026#34;,\r\u0026#34;AttributeType\u0026#34;: \u0026#34;S\u0026#34;\r},\r{\r\u0026#34;AttributeName\u0026#34;: \u0026#34;SongTitle\u0026#34;,\r\u0026#34;AttributeType\u0026#34;: \u0026#34;S\u0026#34;\r}\r],\r\u0026#34;TableName\u0026#34;: \u0026#34;Music\u0026#34;,\r\u0026#34;KeySchema\u0026#34;: [\r{\r\u0026#34;AttributeName\u0026#34;: \u0026#34;Artist\u0026#34;,\r\u0026#34;KeyType\u0026#34;: \u0026#34;HASH\u0026#34;\r},\r{\r\u0026#34;AttributeName\u0026#34;: \u0026#34;SongTitle\u0026#34;,\r\u0026#34;KeyType\u0026#34;: \u0026#34;RANGE\u0026#34;\r}\r],\r\u0026#34;TableStatus\u0026#34;: \u0026#34;CREATING\u0026#34;,\r\u0026#34;CreationDateTime\u0026#34;: \u0026#34;2022-02-08T06:15:18.343000+00:00\u0026#34;,\r\u0026#34;ProvisionedThroughput\u0026#34;: {\r\u0026#34;NumberOfDecreasesToday\u0026#34;: 0,\r\u0026#34;ReadCapacityUnits\u0026#34;: 10,\r\u0026#34;WriteCapacityUnits\u0026#34;: 5\r},\r\u0026#34;TableSizeBytes\u0026#34;: 0,\r\u0026#34;ItemCount\u0026#34;: 0,\r\u0026#34;TableArn\u0026#34;: \u0026#34;arn:aws:dynamodb:us-east-2:089359461550:table/Music\u0026#34;,\r\u0026#34;TableId\u0026#34;: \u0026#34;4b2a1e9a-c223-4b07-a536-c4b85a67df96\u0026#34;,\r\u0026#34;TableClassSummary\u0026#34;: {\r\u0026#34;TableClass\u0026#34;: \u0026#34;STANDARD\u0026#34;\r}\r}\r}  Kết quả trên giao diện:  Kiểm tra trạng thái table:   Gõ lệnh:  aws dynamodb describe-table --table-name Music | grep TableStatus  Khi DynamoDB hoàn thành việc tạo table, giá trị của TableStatus là ACTIVE: \u0026quot;TableStatus\u0026quot;: \u0026quot;ACTIVE\u0026quot;,  "
},
{
	"uri": "/vi/3-gettingstartedwithawssdk/3.2-pythonandynamodb/3.2.1-createtable/",
	"title": "Tạo table",
	"tags": [],
	"description": "",
	"content": "Trong bước này, chúng ta tạo một table có tên Movies. Primary key cho table bao gồm các attritube sau:\nyear – The partition key. AttributeType là N(number).\ntitle – The sort key. AttributeType là S(string).\n  Tạo file có tên MoviesCreateTable.py\n  Sao chép đoạn mã sau và dán vào file MoviesCreateTable.py\n  import boto3\rdef create_movie_table(dynamodb=None):\rdynamodb = boto3.resource(\u0026#39;dynamodb\u0026#39;)\rtable = dynamodb.create_table(\rTableName=\u0026#39;Movies\u0026#39;,\rKeySchema=[\r{\r\u0026#39;AttributeName\u0026#39;: \u0026#39;year\u0026#39;,\r\u0026#39;KeyType\u0026#39;: \u0026#39;HASH\u0026#39; # Partition key\r},\r{\r\u0026#39;AttributeName\u0026#39;: \u0026#39;title\u0026#39;,\r\u0026#39;KeyType\u0026#39;: \u0026#39;RANGE\u0026#39; # Sort key\r}\r],\rAttributeDefinitions=[\r{\r\u0026#39;AttributeName\u0026#39;: \u0026#39;year\u0026#39;,\r\u0026#39;AttributeType\u0026#39;: \u0026#39;N\u0026#39;\r},\r{\r\u0026#39;AttributeName\u0026#39;: \u0026#39;title\u0026#39;,\r\u0026#39;AttributeType\u0026#39;: \u0026#39;S\u0026#39;\r},\r],\rProvisionedThroughput={\r\u0026#39;ReadCapacityUnits\u0026#39;: 10,\r\u0026#39;WriteCapacityUnits\u0026#39;: 10\r}\r)\rreturn table\rif __name__ == \u0026#39;__main__\u0026#39;:\rmovie_table = create_movie_table()\rprint(\u0026#34;Table status:\u0026#34;, movie_table.table_status) Chạy chương trình bằng Window Command Prompt đã được xác thực và cấu hình ở bước 3.1 Cấu hình AWS CLI. Gõ lệnh:  python MoviesCreateTable.py Trường hợp khác: sử dụng python \u0026quot;đường dẫn file MoviesCreateTable.py\u0026quot;\nSau khi chạy chương trình trả về Table status: CREATING là tạo table thành công.  "
},
{
	"uri": "/vi/3-gettingstartedwithawssdk/3.2-pythonandynamodb/",
	"title": "Bắt đầu phát triển với Python và DynamoDB",
	"tags": [],
	"description": "",
	"content": "Trong bài lab này, bạn sử dụng AWS SDK cho Python (Boto3) để viết các chương trình đơn giản nhằm thực hiện các hoạt động Amazon DynamoDB sau:\n  Tạo một table có tên Movies và tải dữ liệu mẫu ở định dạng JSON.\n  Thực hiện các thao tác tạo, đọc, cập nhật và xóa trên table.\n  Chạy các truy vấn đơn giản.\n  Nội dung  Tạo table  Ghi dữ liệu Đọc dữ liệu Cập nhật dữ liệu Xóa dữ liệu Tải dữ liệu mẫu Truy vấn dữ liệu Quét dữ liệu Xóa table dữ liệu  "
},
{
	"uri": "/vi/2-prerequiste/",
	"title": "Các bước chuẩn bị",
	"tags": [],
	"description": "",
	"content": "\rBạn cần tạo sẵn 1 Access key để tiến hành cấu hình AWS CLI.\n\rBạn có thể truy cập AWS DynamoDB bằng cách sử dụng AWS Management Console, AWS Command Line Interface (AWS CLI).\nNội dung  Sử dụng AWS Management Console Sử dụng AWS CloudShell  "
},
{
	"uri": "/vi/2-prerequiste/2.2-useawscloudshell/2.2.2-writedata/",
	"title": "Ghi dữ liệu",
	"tags": [],
	"description": "",
	"content": " Để ghi dữ liệu, sử dụng lệnh put-item   Sau khi tạo table ở bước 2.2.1 Tạo table, tiếp tục gõ lệnh:  aws dynamodb put-item \\\r--table-name Music \\\r--item \\\r\u0026#39;{\u0026#34;Artist\u0026#34;: {\u0026#34;S\u0026#34;: \u0026#34;No One You Know\u0026#34;}, \u0026#34;SongTitle\u0026#34;: {\u0026#34;S\u0026#34;: \u0026#34;Call Me Today\u0026#34;}, \u0026#34;AlbumTitle\u0026#34;: {\u0026#34;S\u0026#34;: \u0026#34;Somewhat Famous\u0026#34;}, \u0026#34;Awards\u0026#34;: {\u0026#34;N\u0026#34;: \u0026#34;1\u0026#34;}}\u0026#39;\raws dynamodb put-item \\\r--table-name Music \\\r--item \\\r\u0026#39;{\u0026#34;Artist\u0026#34;: {\u0026#34;S\u0026#34;: \u0026#34;No One You Know\u0026#34;}, \u0026#34;SongTitle\u0026#34;: {\u0026#34;S\u0026#34;: \u0026#34;Howdy\u0026#34;}, \u0026#34;AlbumTitle\u0026#34;: {\u0026#34;S\u0026#34;: \u0026#34;Somewhat Famous\u0026#34;}, \u0026#34;Awards\u0026#34;: {\u0026#34;N\u0026#34;: \u0026#34;2\u0026#34;}}\u0026#39;\raws dynamodb put-item \\\r--table-name Music \\\r--item \\\r\u0026#39;{\u0026#34;Artist\u0026#34;: {\u0026#34;S\u0026#34;: \u0026#34;Acme Band\u0026#34;}, \u0026#34;SongTitle\u0026#34;: {\u0026#34;S\u0026#34;: \u0026#34;Happy Day\u0026#34;}, \u0026#34;AlbumTitle\u0026#34;: {\u0026#34;S\u0026#34;: \u0026#34;Songs About Life\u0026#34;}, \u0026#34;Awards\u0026#34;: {\u0026#34;N\u0026#34;: \u0026#34;10\u0026#34;} }\u0026#39;\raws dynamodb put-item \\\r--table-name Music \\\r--item \\\r\u0026#39;{\u0026#34;Artist\u0026#34;: {\u0026#34;S\u0026#34;: \u0026#34;Acme Band\u0026#34;}, \u0026#34;SongTitle\u0026#34;: {\u0026#34;S\u0026#34;: \u0026#34;PartiQL Rocks\u0026#34;}, \u0026#34;AlbumTitle\u0026#34;: {\u0026#34;S\u0026#34;: \u0026#34;Another Album Title\u0026#34;}, \u0026#34;Awards\u0026#34;: {\u0026#34;N\u0026#34;: \u0026#34;8\u0026#34;} }\u0026#39; Kết quả:  "
},
{
	"uri": "/vi/3-gettingstartedwithawssdk/3.2-pythonandynamodb/3.2.2-writedata/",
	"title": "Ghi dữ liệu",
	"tags": [],
	"description": "",
	"content": "Thực hiện thêm item vào table Movies vừa tạo ở 3.4.1-Tạo table\n  Tạo file có tên MoviesItemOps01.py\n  Sao chép chương trình sau và dán vào file MoviesItemOps01.py\n  from pprint import pprint\rimport boto3\rdef put_movie(title, year, plot, rating, dynamodb=None):\rdynamodb = boto3.resource(\u0026#39;dynamodb\u0026#39;)\rtable = dynamodb.Table(\u0026#39;Movies\u0026#39;)\rresponse = table.put_item(\rItem={\r\u0026#39;year\u0026#39;: year,\r\u0026#39;title\u0026#39;: title,\r\u0026#39;info\u0026#39;: {\r\u0026#39;plot\u0026#39;: plot,\r\u0026#39;rating\u0026#39;: rating\r}\r}\r)\rreturn response\rif __name__ == \u0026#39;__main__\u0026#39;:\rmovie_resp = put_movie(\u0026#34;The Big New Movie\u0026#34;, 2015,\r\u0026#34;Nothing happens at all.\u0026#34;, 0)\rprint(\u0026#34;Put movie succeeded:\u0026#34;)\rpprint(movie_resp, sort_dicts=False) Chạy chương trình bằng Window Command Prompt đã được xác thực và cấu hình ở bước 3.1 Cấu hình AWS CLI. Gõ lệnh:  python MoviesItemOps01.py Trường hợp khác: sử dụng python \u0026quot;đường dẫn file MoviesItemOps01.py\u0026quot;\nSau khi chạy chương trình, thu được kết quả:  Put movie succeeded:\r{\u0026#39;ResponseMetadata\u0026#39;: {\u0026#39;RequestId\u0026#39;: \u0026#39;U9PQSVRR5PKKDD7NPV0NH91JD7VV4KQNSO5AEMVJF66Q9ASUAAJG\u0026#39;,\r\u0026#39;HTTPStatusCode\u0026#39;: 200,\r\u0026#39;HTTPHeaders\u0026#39;: {\u0026#39;server\u0026#39;: \u0026#39;Server\u0026#39;,\r\u0026#39;date\u0026#39;: \u0026#39;Wed, 09 Feb 2022 03:11:45 GMT\u0026#39;,\r\u0026#39;content-type\u0026#39;: \u0026#39;application/x-amz-json-1.0\u0026#39;,\r\u0026#39;content-length\u0026#39;: \u0026#39;2\u0026#39;,\r\u0026#39;connection\u0026#39;: \u0026#39;keep-alive\u0026#39;,\r\u0026#39;x-amzn-requestid\u0026#39;: \u0026#39;U9PQSVRR5PKKDD7NPV0NH91JD7VV4KQNSO5AEMVJF66Q9ASUAAJG\u0026#39;,\r\u0026#39;x-amz-crc32\u0026#39;: \u0026#39;2745614147\u0026#39;},\r\u0026#39;RetryAttempts\u0026#39;: 0}} "
},
{
	"uri": "/vi/1-introduce/1.2-primarykey/",
	"title": "Primary Key",
	"tags": [],
	"description": "",
	"content": " Khi bạn tạo một table, ngoài tên table, bạn phải chỉ định primary key của table. Primary key xác định duy nhất từng item trong table, do đó không có hai item nào có thể có cùng một key. DynamoDB hỗ trợ hai loại primary key khác nhau:  Partition key Composite primary key    Partition key  Một primary key đơn giản, bao gồm một attritube được gọi là Partition key. DynamoDB sử dụng giá trị của partition key làm đầu vào cho hàm băm bên trong. Đầu ra từ hàm băm xác định phân vùng (bộ nhớ vật lý bên trong DynamoDB) mà item sẽ được lưu trữ. Trong table chỉ có partition key, không có hai item nào có thể có cùng giá trị Partition key.  Composite primary key  Attritube đầu tiên là partition key và attritube thứ hai là sort key. DynamoDB sử dụng giá trị partition key làm đầu vào cho hàm băm bên trong. Đầu ra từ hàm băm xác định phân vùng (bộ nhớ vật lý bên trong DynamoDB) mà item sẽ được lưu trữ. Tất cả các item có cùng giá trị partition key được lưu trữ cùng nhau, theo thứ tự được sắp xếp theo giá trị sort key. Trong table có partition key và sort key, nhiều item có thể có cùng giá trị partition key. Tuy nhiên, các item đó phải có các giá trị sort key khác nhau. Composite primary key giúp bạn linh hoạt hơn khi truy vấn dữ liệu.  "
},
{
	"uri": "/vi/2-prerequiste/2.2-useawscloudshell/",
	"title": "Sử dụng AWS CloudShell",
	"tags": [],
	"description": "",
	"content": " AWS CloudShell là một trình dòng lệnh dựa trên trình duyệt giúp bạn dễ dàng quản lý, khám phá và tương tác với các tài nguyên AWS của mình một cách an toàn. CloudShell được xác thực trước bằng thông tin đăng nhập bảng điều khiển của bạn. Các công cụ phát triển và hoạt động phổ biến được cài đặt sẵn, vì vậy không cần cài đặt hoặc cấu hình cục bộ. Với CloudShell, bạn có thể nhanh chóng chạy các tập lệnh với Giao diện dòng lệnh AWS (AWS CLI), thử nghiệm với các API dịch vụ AWS bằng AWS SDK hoặc sử dụng một loạt các công cụ khác để hoạt động hiệu quả. Bạn có thể sử dụng CloudShell ngay từ trình duyệt của mình và không mất thêm phí.  "
},
{
	"uri": "/vi/2-prerequiste/2.1-useawsmanagementconsole/2.1.2-createtable/",
	"title": "Tạo table",
	"tags": [],
	"description": "",
	"content": "Trong bước này, bạn tạo một table Music trong Amazon DynamoDB. Table có các chi tiết sau:\n  Partition key — Artist\n  Sort key — SongTitle\n    Đăng nhập vào bảng điều khiển quản lý AWS và mở DynamoDB Console tại Giao diện quản lý DynamoDB.\n  Trong thanh điều hướng ở bên trái của bảng điều khiển, chọn Dashboard.\n  Ở phía bên phải của bảng điều khiển, chọn Create Table.\n  Nhập chi tiết table như sau:    Đối với Table name, hãy nhập Music.\n  Đối với Partition key, hãy nhập Artist.\n  Nhập SongTitle làm Sort key.\n  Chọn Default settings.\n  Chọn Create table để tạo table.  "
},
{
	"uri": "/vi/3-gettingstartedwithawssdk/",
	"title": "Bắt đầu với AWS SDK",
	"tags": [],
	"description": "",
	"content": "\rĐể thực hiện bước này, bạn cần tạo Access key được sử dụng để định cấu hình AWS CLI và cài đặt Python và Boto3.\n\rSDK bao gồm hai gói Python chính: Botocore (thư viện cung cấp chức năng cấp thấp được chia sẻ giữa Python SDK và AWS CLI) và Boto3 (gói triển khai Python SDK chính).\nTrong bài lab này, chúng ta sử dụng Boto3\nClients cung cấp giao diện cấp thấp cho dịch vụ AWS. Định nghĩa của chúng được tạo bởi mô tả dịch vụ JSON có trong thư viện botocore. Gói botocore được chia sẻ giữa boto3 cũng như AWS CLI.\nĐịnh nghĩa dịch vụ cho AWS S3 được lưu trữ dưới dạng JSON trong gói botocore.\nCác lợi ích chính của việc sử dụng ứng dụng Boto3 Client là:\n Nó ánh xạ 1: 1 với API dịch vụ AWS thực tế. Tất cả các hoạt động dịch vụ AWS đều được hỗ trợ bởi Clients.  Ví dụ: nếu bạn muốn liệt kê tất cả các S3 buckets trong tài khoản AWS của mình, bạn có thể sử dụng Ứng dụng Clients S3 như sau:\nimport boto3\r# Retrieve the list of existing buckets\rs3 = boto3.client(\u0026#34;s3\u0026#34;)\rresponse = s3.list_buckets()\r# Output the bucket names\rprint(\u0026#34;Existing buckets:\u0026#34;)\rfor bucket in response[\u0026#39;Buckets\u0026#39;]:\rprint(f\u0026#39;{bucket[\u0026#34;Name\u0026#34;]}\u0026#39;) Resource là một mức trừu tượng cao hơn các máy khách. Chúng được tạo từ mô tả Resource JSON có trong chính thư viện boto.\nResource cung cấp giao diện hướng đối tượng để tương tác với các dịch vụ AWS khác nhau. Resource có thể được khởi tạo như sau:\nVí dụ dưới đây là định nghĩa Resource cho S3.\n\rimport boto3\rs3 = boto3.resource(\u0026#34;s3\u0026#34;) Nội dung  Cấu hình AWS CLI Python và DynamoDB  "
},
{
	"uri": "/vi/2-prerequiste/2.2-useawscloudshell/2.2.3-readdata/",
	"title": "Đọc dữ liệu",
	"tags": [],
	"description": "",
	"content": "  Để đọc dữ liệu, sử dụng lệnh get-item và tham số **consistent-read thể hiện strongly consistent reads.\n  Mặc định của AWS DynamoDB là eventually consistent reads.\n   Thực hiện lệnh:  aws dynamodb get-item --consistent-read \\\r--table-name Music \\\r--key \u0026#39;{ \u0026#34;Artist\u0026#34;: {\u0026#34;S\u0026#34;: \u0026#34;Acme Band\u0026#34;}, \u0026#34;SongTitle\u0026#34;: {\u0026#34;S\u0026#34;: \u0026#34;Happy Day\u0026#34;}}\u0026#39; Kết quả:   Kết quả trên AWS CloudShell:  {\r\u0026#34;Item\u0026#34;: {\r\u0026#34;AlbumTitle\u0026#34;: {\r\u0026#34;S\u0026#34;: \u0026#34;Songs About Life\u0026#34;\r},\r\u0026#34;Awards\u0026#34;: {\r\u0026#34;N\u0026#34;: \u0026#34;10\u0026#34;\r},\r\u0026#34;Artist\u0026#34;: {\r\u0026#34;S\u0026#34;: \u0026#34;Acme Band\u0026#34;\r},\r\u0026#34;SongTitle\u0026#34;: {\r\u0026#34;S\u0026#34;: \u0026#34;Happy Day\u0026#34;\r}\r}\r} "
},
{
	"uri": "/vi/3-gettingstartedwithawssdk/3.2-pythonandynamodb/3.2.3-readdata/",
	"title": "Đọc dữ liệu",
	"tags": [],
	"description": "",
	"content": "  Tạo file có tên MoviesItemOps02.py\n  Sao chép đoạn mã sau và dán vào file MoviesItemOps02.py\n  from pprint import pprint\rimport boto3\rfrom botocore.exceptions import ClientError\rdef get_movie(title, year, dynamodb=None):\rdynamodb = boto3.resource(\u0026#39;dynamodb\u0026#39;)\rtable = dynamodb.Table(\u0026#39;Movies\u0026#39;)\rtry:\rresponse = table.get_item(Key={\u0026#39;year\u0026#39;: year, \u0026#39;title\u0026#39;: title})\rexcept ClientError as e:\rprint(e.response[\u0026#39;Error\u0026#39;][\u0026#39;Message\u0026#39;])\relse:\rreturn response[\u0026#39;Item\u0026#39;]\rif __name__ == \u0026#39;__main__\u0026#39;:\rmovie = get_movie(\u0026#34;The Big New Movie\u0026#34;, 2015,)\rif movie:\rprint(\u0026#34;Get movie succeeded:\u0026#34;)\rpprint(movie, sort_dicts=False) Chạy chương trình bằng Window Command Prompt đã được xác thực và cấu hình ở bước 3.1 Cấu hình AWS CLI. Gõ lệnh:  python MoviesItemOps02.py Trường hợp khác: sử dụng python \u0026quot;đường dẫn file MoviesItemOps02.py\u0026quot;\nSau khi chạy chương trình, thu được kết quả:  Get movie succeeded:\r{\u0026#39;year\u0026#39;: Decimal(\u0026#39;2015\u0026#39;),\r\u0026#39;info\u0026#39;: {\u0026#39;rating\u0026#39;: Decimal(\u0026#39;0\u0026#39;), \u0026#39;plot\u0026#39;: \u0026#39;Nothing happens at all.\u0026#39;},\r\u0026#39;title\u0026#39;: \u0026#39;The Big New Movie\u0026#39;} "
},
{
	"uri": "/vi/2-prerequiste/2.1-useawsmanagementconsole/2.1.3-writedata/",
	"title": "Ghi dữ liệu",
	"tags": [],
	"description": "",
	"content": "Các bước ghi dữ liệu vào table Music(đã tạo ở 2.1.2):\n  Đăng nhập vào bảng điều khiển quản lý AWS và mở DynamoDB Console tại Giao diện quản lý DynamoDB.\n  Trong thanh điều hướng ở bên trái của bảng điều khiển, chọn Tables.\n  Trong danh sách table, hãy chọn table Music.\n  Chọn Explore items\n  Trong giao diện Items, chọn Create item  Chọn Add new attribute, sau đó chọn Number. Tên trường: Awards.  Lặp lại bước 6 tạo AlbumTitle với kiểu String.   Nhập các giá trị cho các item:\n  Artist, nhập No One You Know\n  SongTitle, nhập Call Me Today\n  AlbumTitle, nhập Somewhat Famous\n  Awards, nhập 1.\n    Chọn Create item.  Lặp lại bước 8 và tạo một item khác với các giá trị sau:    Artist, nhập Acme Band.\n  SongTitle nhập Happy Day.\n  AlbumTitle, nhập Songs About Life.\n  Awards, nhập 10.\n  Thực hiện thao tác này một lần nữa để tạo một item khác có cùng một Artist như bước trước, nhưng các giá trị khác nhau cho các attritube khác:    Artist, nhập Acme Band.\n  SongTitle nhập PartiQL Rocks.\n  AlbumTitle, nhập Another Album Title.\n  Awards, nhập 8.\n  Kết quả:  "
},
{
	"uri": "/vi/1-introduce/1.3-secondaryindexes/",
	"title": "Secondary Index",
	"tags": [],
	"description": "",
	"content": " Bạn có thể tạo một hoặc nhiều Secondary Index trên một table. Secondary Index cho phép truy vấn dữ liệu trong table bằng các key khác với partition key và sort ban đầu của table. Với Dynamo DB thao tác query dữ liệu có tốc độ nhanh và tiết kiệm chi phí hơn rất nhiều so với thao tác scan.  Dưới đây là DynamoDB table ví dụ:\n Nếu thực hiện thao tác query dữ liệu chúng ta có thể tìm dữ liệu theo giá trị Partition Key và Sort Key.   Nếu thực hiện thao tác scan dữ liệu, chúng ta sẽ scan toàn bộ bảng sau đó thực hiện filter theo một attribute bất kỳ. ( Khi thực hiện filter thực chất chúng ta vẫn phải tốn chi phí scan toàn bộ bảng.)   DynamoDB không bắt buộc bạn phải sử dụng index, nhưng chúng giúp các ứng dụng của bạn linh hoạt hơn khi query dữ liệu. Sau khi tạo Secondary Index trên table, bạn có thể đọc dữ liệu từ index theo cách giống như đọc dữ liệu từ table.  DynamoDB hỗ trợ hai loại index:\n Global secondary index index có partition key và sort key có thể khác với các index trên table.   Local secondary index index có cùng partition key với table nhưng có sort key khác.  Mỗi table trong DynamoDB có tối đa 20 Global secondary index (giới hạn mặc định) và 5 Local secondary index.\n\r"
},
{
	"uri": "/vi/2-prerequiste/2.1-useawsmanagementconsole/2.1.4-readdata/",
	"title": " Đọc dữ liệu",
	"tags": [],
	"description": "",
	"content": "Các bước đọc dữ liệu từ table Music bằng DynamoDB console:\n  Đăng nhập vào bảng điều khiển quản lý AWS và mở DynamoDB Console tại Giao diện quản lý DynamoDB.\n  Trong thanh điều hướng ở bên trái của bảng điều khiển, chọn Tables\n  Chọn table Music từ danh sách table.\n  Chọn Actions, sau đó chọn Explore items.\n  Chọn Query, sau đó điền Artist (Partition key) là Acme Band  Chọn Run và thu kết quả như hình:  "
},
{
	"uri": "/vi/2-prerequiste/2.2-useawscloudshell/2.2.4-updatedata/",
	"title": "Cập nhật dữ liệu",
	"tags": [],
	"description": "",
	"content": " Để cập nhật dữ liệu, sử dụng lệnh update-item   Thực hiện lệnh:  aws dynamodb update-item \\\r--table-name Music \\\r--key \u0026#39;{ \u0026#34;Artist\u0026#34;: {\u0026#34;S\u0026#34;: \u0026#34;Acme Band\u0026#34;}, \u0026#34;SongTitle\u0026#34;: {\u0026#34;S\u0026#34;: \u0026#34;Happy Day\u0026#34;}}\u0026#39; \\\r--update-expression \u0026#34;SET AlbumTitle = :newval\u0026#34; \\\r--expression-attribute-values \u0026#39;{\u0026#34;:newval\u0026#34;:{\u0026#34;S\u0026#34;:\u0026#34;Updated Album Title\u0026#34;}}\u0026#39; \\\r--return-values ALL_NEW Kết quả:   Kết quả trên AWS CLoudShell:  {\r\u0026#34;Attributes\u0026#34;: {\r\u0026#34;AlbumTitle\u0026#34;: {\r\u0026#34;S\u0026#34;: \u0026#34;Updated Album Title\u0026#34;\r},\r\u0026#34;Awards\u0026#34;: {\r\u0026#34;N\u0026#34;: \u0026#34;10\u0026#34;\r},\r\u0026#34;Artist\u0026#34;: {\r\u0026#34;S\u0026#34;: \u0026#34;Acme Band\u0026#34;\r},\r\u0026#34;SongTitle\u0026#34;: {\r\u0026#34;S\u0026#34;: \u0026#34;Happy Day\u0026#34;\r}\r}\r}  Kết quả trên giao diện:  "
},
{
	"uri": "/vi/3-gettingstartedwithawssdk/3.2-pythonandynamodb/3.2.4-updatedata/",
	"title": "Cập nhật dữ liệu",
	"tags": [],
	"description": "",
	"content": "  Tạo file có tên MoviesItemOps03.py\n  Sao chép đoạn mã sau và dán vào file MoviesItemOps03.py\n  from decimal import Decimal\rfrom pprint import pprint\rimport boto3\rdef update_movie(title, year, rating, plot, actors, dynamodb=None):\rdynamodb = boto3.resource(\u0026#39;dynamodb\u0026#39;)\rtable = dynamodb.Table(\u0026#39;Movies\u0026#39;)\rresponse = table.update_item(\rKey={\r\u0026#39;year\u0026#39;: year,\r\u0026#39;title\u0026#39;: title\r},\rUpdateExpression=\u0026#34;set info.rating=:r, info.plot=:p, info.actors=:a\u0026#34;,\rExpressionAttributeValues={\r\u0026#39;:r\u0026#39;: Decimal(rating),\r\u0026#39;:p\u0026#39;: plot,\r\u0026#39;:a\u0026#39;: actors\r},\rReturnValues=\u0026#34;UPDATED_NEW\u0026#34;\r)\rreturn response\rif __name__ == \u0026#39;__main__\u0026#39;:\rupdate_response = update_movie(\r\u0026#34;The Big New Movie\u0026#34;, 2015, 5.5, \u0026#34;Everything happens all at once.\u0026#34;,\r[\u0026#34;Larry\u0026#34;, \u0026#34;Moe\u0026#34;, \u0026#34;Curly\u0026#34;])\rprint(\u0026#34;Update movie succeeded:\u0026#34;)\rpprint(update_response, sort_dicts=False) Chạy chương trình bằng Window Command Prompt đã được xác thực và cấu hình ở bước 3.1 Cấu hình AWS CLI. Gõ lệnh:  python MoviesItemOps03.py Trường hợp khác: sử dụng python \u0026quot;đường dẫn file MoviesItemOps03.py\u0026quot;\nSau khi chạy chương trình, thu được kết quả:  Update movie succeeded:\r{\u0026#39;Attributes\u0026#39;: {\u0026#39;info\u0026#39;: {\u0026#39;actors\u0026#39;: [\u0026#39;Larry\u0026#39;, \u0026#39;Moe\u0026#39;, \u0026#39;Curly\u0026#39;],\r\u0026#39;plot\u0026#39;: \u0026#39;Everything happens all at once.\u0026#39;,\r\u0026#39;rating\u0026#39;: Decimal(\u0026#39;5.5\u0026#39;)}},\r\u0026#39;ResponseMetadata\u0026#39;: {\u0026#39;RequestId\u0026#39;: \u0026#39;RFMTVB72A6E2J39HBPIK8SHBN7VV4KQNSO5AEMVJF66Q9ASUAAJG\u0026#39;,\r\u0026#39;HTTPStatusCode\u0026#39;: 200,\r\u0026#39;HTTPHeaders\u0026#39;: {\u0026#39;server\u0026#39;: \u0026#39;Server\u0026#39;,\r\u0026#39;date\u0026#39;: \u0026#39;Wed, 09 Feb 2022 03:29:15 GMT\u0026#39;,\r\u0026#39;content-type\u0026#39;: \u0026#39;application/x-amz-json-1.0\u0026#39;,\r\u0026#39;content-length\u0026#39;: \u0026#39;156\u0026#39;,\r\u0026#39;connection\u0026#39;: \u0026#39;keep-alive\u0026#39;,\r\u0026#39;x-amzn-requestid\u0026#39;: \u0026#39;RFMTVB72A6E2J39HBPIK8SHBN7VV4KQNSO5AEMVJF66Q9ASUAAJG\u0026#39;,\r\u0026#39;x-amz-crc32\u0026#39;: \u0026#39;3767510606\u0026#39;},\r\u0026#39;RetryAttempts\u0026#39;: 0}} "
},
{
	"uri": "/vi/4-cleanupresource/",
	"title": "Dọn dẹp tài nguyên",
	"tags": [],
	"description": "",
	"content": "Sử dụng AWS Management Console   Mở table DynamoDB console tại https://console.aws.amazon.com/dynamodb/\n  Trong thanh điều hướng ở bên trái của bảng điều khiển, chọn Tables\n  Chọn table Music từ danh sách table.\n  Chọn Actions, sau đó chọn Delete table.\n  Sử dụng AWS CloudShell   Để xóa table, sử dụng lệnh delete-table\n  Gõ lệnh:\n  aws dynamodb delete-table --table-name Music "
},
{
	"uri": "/vi/1-introduce/1.4-namingrulesanddatatypes/",
	"title": "Quy tắc đặt tên và kiểu dữ liệu",
	"tags": [],
	"description": "",
	"content": "Quy tắc đặt tên  Các table, attritube và các đối tượng khác trong DynamoDB phải có tên. Sau đây là các quy tắc đặt tên cho DynamoDB:  Tất cả các tên phải được mã hóa bằng UTF-8 và có phân biệt chữ hoa chữ thường. Tên table và tên index phải dài từ 3 đến 255 ký tự và chỉ được chứa các ký tự sau:  a-z A-Z 0-9 _(gạch dưới) -(gạch ngang) . (dấu chấm)     Tên attritube phải dài ít nhất một ký tự, nhưng không dài hơn 64 KB. Sau đây là các trường hợp ngoại lệ. Các tên attritube này không được dài quá 255 ký tự:  Tên khóa của phân vùng Secondary Index. Secondary Index sắp xếp các tên key. Tên của bất kỳ attritube dự kiến ​​nào do người dùng chỉ định (chỉ áp dụng cho các Local Secondary Index).    Kiểu dữ liệu DynamoDB hỗ trợ nhiều kiểu dữ liệu khác nhau cho các attritube trong table. Chúng có thể được phân loại như sau:\n Các kiểu vô hướng: Một kiểu vô hướng có thể biểu diễn chính xác một giá trị. Các kiểu vô hướng là số, chuỗi, nhị phân, Boolean và null. Loại tài liệu: Một loại tài liệu có thể đại diện cho một cấu trúc phức tạp với các attritube lồng nhau, chẳng hạn như bạn sẽ tìm thấy trong tài liệu JSON. Các loại tài liệu là list và map. Loại tập hợp: Một loại tập hợp có thể đại diện cho nhiều giá trị vô hướng. Các loại tập hợp là tập hợp chuỗi, tập hợp số và tập hợp nhị phân.  "
},
{
	"uri": "/vi/2-prerequiste/2.1-useawsmanagementconsole/2.1.5-updatedata/",
	"title": "Cập nhật dữ liệu",
	"tags": [],
	"description": "",
	"content": "Các bước cập nhật dữ liệu table Music như sau:\n  Đăng nhập vào bảng điều khiển quản lý AWS và mở DynamoDB Console tại Giao diện quản lý DynamoDB.\n  Trong thanh điều hướng ở bên trái của bảng điều khiển, chọn Tables\n  Chọn table Music từ danh sách table.\n  Chọn Actions, sau đó chọn Explore item.\n  Chọn item có giá trị Artist là Acme Band và giá trị SongTitle là Happy Day.  Cập nhật giá trị Album Title thành Updated Album Title, sau đó chọn Save changes.  Kết quả sau khi cập nhật dữ liệu:  "
},
{
	"uri": "/vi/1-introduce/1.5-readconsistency/",
	"title": "Read Consistency",
	"tags": [],
	"description": "",
	"content": "Eventually Consistent Reads  Khi bạn đọc dữ liệu từ table DynamoDB, phản hồi có thể không phản ánh kết quả của một thao tác ghi đã hoàn thành gần đây. Phản hồi có thể bao gồm một số dữ liệu cũ. Nếu bạn lặp lại yêu cầu đọc của mình sau một thời gian ngắn, phản hồi sẽ trả về dữ liệu mới nhất.  Strongly Consistent Reads Khi bạn yêu cầu Strongly Consistent Reads, DynamoDB trả về phản hồi với dữ liệu cập nhật nhất, phản ánh các cập nhật từ tất cả các hoạt động ghi trước đó đã thành công. Tuy nhiên, tính nhất quán này đi kèm với một số nhược điểm:\n Strongly Consistent Reads có thể không khả dụng nếu có sự cố mạng hoặc ngừng hoạt động. Trong trường hợp này, DynamoDB có thể trả về lỗi máy chủ (HTTP 500). Strongly Consistent Reads có thể có độ trễ cao hơn eventually consistent reads. Global secondary indexes không được hỗ trợ Strongly Consistent Reads. Strongly Consistent Reads sử dụng gấp đôi dung lượng thông lượng hơn so với eventually consistent reads.  "
},
{
	"uri": "/vi/2-prerequiste/2.2-useawscloudshell/2.2.5-querydata/",
	"title": "Truy vấn dữ liệu",
	"tags": [],
	"description": "",
	"content": " Để truy vấn dữ liệu từ table, sử dụng lệnh query và cung cấp partition key.   Thực hiện lệnh:  aws dynamodb query \\\r--table-name Music \\\r--key-condition-expression \u0026#34;Artist = :name\u0026#34; \\\r--expression-attribute-values \u0026#39;{\u0026#34;:name\u0026#34;:{\u0026#34;S\u0026#34;:\u0026#34;Acme Band\u0026#34;}}\u0026#39; Kết quả:   Kết quả trên AWS CloudShell:  {\r\u0026#34;Items\u0026#34;: [\r{\r\u0026#34;AlbumTitle\u0026#34;: {\r\u0026#34;S\u0026#34;: \u0026#34;Updated Album Title\u0026#34;\r},\r\u0026#34;Awards\u0026#34;: {\r\u0026#34;N\u0026#34;: \u0026#34;10\u0026#34;\r},\r\u0026#34;Artist\u0026#34;: {\r\u0026#34;S\u0026#34;: \u0026#34;Acme Band\u0026#34;\r},\r\u0026#34;SongTitle\u0026#34;: {\r\u0026#34;S\u0026#34;: \u0026#34;Happy Day\u0026#34;\r}\r},\r{\r\u0026#34;AlbumTitle\u0026#34;: {\r\u0026#34;S\u0026#34;: \u0026#34;Another Album Title\u0026#34;\r},\r\u0026#34;Awards\u0026#34;: {\r\u0026#34;N\u0026#34;: \u0026#34;8\u0026#34;\r},\r\u0026#34;Artist\u0026#34;: {\r\u0026#34;S\u0026#34;: \u0026#34;Acme Band\u0026#34;\r},\r\u0026#34;SongTitle\u0026#34;: {\r\u0026#34;S\u0026#34;: \u0026#34;PartiQL Rocks\u0026#34;\r}\r}\r],\r\u0026#34;Count\u0026#34;: 2,\r\u0026#34;ScannedCount\u0026#34;: 2,\r\u0026#34;ConsumedCapacity\u0026#34;: null\r}  Kết quả trên giao diện:  "
},
{
	"uri": "/vi/3-gettingstartedwithawssdk/3.2-pythonandynamodb/3.2.5-deletedata/",
	"title": "Xóa dữ liệu",
	"tags": [],
	"description": "",
	"content": "  Tạo file có tên MoviesItemOps04.py\n  Sao chép đoạn mã sau và dán vào file MoviesItemOps04.py\n  from decimal import Decimal\rfrom pprint import pprint\rimport boto3\rfrom botocore.exceptions import ClientError\rdef delete_underrated_movie(title, year, rating, dynamodb=None):\rdynamodb = boto3.resource(\u0026#39;dynamodb\u0026#39;)\rtable = dynamodb.Table(\u0026#39;Movies\u0026#39;)\rtry:\rresponse = table.delete_item(\rKey={\r\u0026#39;year\u0026#39;: year,\r\u0026#39;title\u0026#39;: title\r}\r)\rexcept ClientError as e:\rif e.response[\u0026#39;Error\u0026#39;][\u0026#39;Code\u0026#39;] == \u0026#34;ConditionalCheckFailedException\u0026#34;:\rprint(e.response[\u0026#39;Error\u0026#39;][\u0026#39;Message\u0026#39;])\relse:\rraise\relse:\rreturn response\rif __name__ == \u0026#39;__main__\u0026#39;:\rprint(\u0026#34;Attempting a conditional delete...\u0026#34;)\rdelete_response = delete_underrated_movie(\u0026#34;The Big New Movie\u0026#34;, 2015, 5)\rif delete_response:\rprint(\u0026#34;Delete movie succeeded:\u0026#34;)\rpprint(delete_response, sort_dicts=False)  Chạy chương trình bằng Window Command Prompt đã được xác thực và cấu hình ở bước 3.1 Cấu hình AWS CLI. Gõ lệnh:  python MoviesItemOps03.py Trường hợp khác: sử dụng python \u0026quot;đường dẫn file MoviesItemOps03.py\u0026quot;\nSau khi chạy chương trình, thu được kết quả:  Attempting a conditional delete...\rDelete movie succeeded:\r{\u0026#39;ResponseMetadata\u0026#39;: {\u0026#39;RequestId\u0026#39;: \u0026#39;HHA9MQ2U0UP1CL7CECBAAQRMMVVV4KQNSO5AEMVJF66Q9ASUAAJG\u0026#39;,\r\u0026#39;HTTPStatusCode\u0026#39;: 200,\r\u0026#39;HTTPHeaders\u0026#39;: {\u0026#39;server\u0026#39;: \u0026#39;Server\u0026#39;,\r\u0026#39;date\u0026#39;: \u0026#39;Wed, 09 Feb 2022 03:39:32 GMT\u0026#39;,\r\u0026#39;content-type\u0026#39;: \u0026#39;application/x-amz-json-1.0\u0026#39;,\r\u0026#39;content-length\u0026#39;: \u0026#39;2\u0026#39;,\r\u0026#39;connection\u0026#39;: \u0026#39;keep-alive\u0026#39;,\r\u0026#39;x-amzn-requestid\u0026#39;: \u0026#39;HHA9MQ2U0UP1CL7CECBAAQRMMVVV4KQNSO5AEMVJF66Q9ASUAAJG\u0026#39;,\r\u0026#39;x-amz-crc32\u0026#39;: \u0026#39;2745614147\u0026#39;},\r\u0026#39;RetryAttempts\u0026#39;: 0}} "
},
{
	"uri": "/vi/1-introduce/1.6-readwritecapacitymode/",
	"title": "Read/Write Capacity Mode",
	"tags": [],
	"description": "",
	"content": "On-Demand Mode  Amazon DynamoDB on-demand là một tùy chọn thanh toán linh hoạt có khả năng phục vụ hàng nghìn yêu cầu mỗi giây mà không cần lập kế hoạch dung lượng. DynamoDB theo yêu cầu cung cấp giá trả theo yêu cầu cho các yêu cầu đọc và ghi để bạn chỉ trả tiền cho những gì bạn sử dụng. Khi bạn chọn On-Demand Mode, DynamoDB ngay lập tức đáp ứng các khối lượng công việc của bạn khi chúng tăng hoặc giảm đến bất kỳ mức lưu lượng truy cập nào đã đạt được trước đó. Nếu mức lưu lượng của khối lượng công việc đạt đến đỉnh mới, DynamoDB sẽ thích ứng nhanh chóng để đáp ứng khối lượng công việc. Các table sử dụng On-Demand Mode cung cấp cùng độ trễ mili giây một chữ số, cam kết thỏa thuận mức dịch vụ (SLA) và bảo mật mà DynamoDB đã cung cấp. Bạn có thể chọn On-Demand Mode cho cả table mới và table hiện có và bạn có thể tiếp tục sử dụng các API DynamoDB hiện có mà không cần thay đổi mã. On-Demand Mode là một lựa chọn tốt nếu bất kỳ điều nào sau đây là đúng:  Bạn tạo table mới với khối lượng công việc không xác định. Bạn có lưu lượng ứng dụng không thể đoán trước. Bạn chỉ thích dễ dàng thanh toán cho những gì bạn sử dụng.    Provisioned Mode  Nếu bạn chọn Provisioned Mode, bạn chỉ định số lần đọc và ghi mỗi giây mà bạn yêu cầu cho ứng dụng của mình. Bạn có thể sử dụng tính năng tự động chia tỷ lệ để tự động điều chỉnh dung lượng được cung cấp của table để đáp ứng với những thay đổi về lưu lượng truy cập. Điều này giúp bạn quản lý việc sử dụng DynamoDB của mình để duy trì bằng hoặc thấp hơn tỷ lệ yêu cầu xác định để có được khả năng dự đoán chi phí. Provisioned Mode là một tùy chọn tốt nếu bất kỳ điều nào sau đây là đúng:  Bạn có lưu lượng ứng dụng có thể dự đoán được. Bạn chạy các ứng dụng có lưu lượng truy cập nhất quán hoặc tăng dần. Bạn có thể dự báo các yêu cầu về năng lực để kiểm soát chi phí.    "
},
{
	"uri": "/vi/3-gettingstartedwithawssdk/3.2-pythonandynamodb/3.2.6-loadsampledata/",
	"title": "Tải dữ liệu mẫu",
	"tags": [],
	"description": "",
	"content": " Tải xuống dữ liệu mẫu.  Download\n\r Giải nén tệp dữ liệu (moviedata.json) từ kho lưu trữ.\n  Sao chép tệp moviedata.json vào thư item hiện tại của bạn.\n  Tạo file có tên MoviesLoadData.py\n  Sao chép đoạn mã sau và dán vào file MoviesLoadData.py\n  from decimal import Decimal\rimport json\rimport boto3\rdef load_movies(movies, dynamodb=None):\rdynamodb = boto3.resource(\u0026#39;dynamodb\u0026#39;)\rtable = dynamodb.Table(\u0026#39;Movies\u0026#39;)\rfor movie in movies:\ryear = int(movie[\u0026#39;year\u0026#39;])\rtitle = movie[\u0026#39;title\u0026#39;]\rprint(\u0026#34;Adding movie:\u0026#34;, year, title)\rtable.put_item(Item=movie)\rif __name__ == \u0026#39;__main__\u0026#39;:\rwith open(\u0026#34;moviedata.json\u0026#34;) as json_file:\rmovie_list = json.load(json_file, parse_float=Decimal)\rload_movies(movie_list) Chạy chương trình bằng Window Command Prompt đã được xác thực và cấu hình ở bước 3.1 Cấu hình AWS CLI. Gõ lệnh:  python MoviesLoadData.py Trường hợp khác: sử dụng python \u0026quot;đường dẫn file MoviesLoadData.py\u0026quot;\nSau khi chạy chương trình, thu được kết quả:  Adding movie: 2013 Insidious: Chapter 2\rAdding movie: 2013 World War Z\rAdding movie: 2014 X-Men: Days of Future Past\rAdding movie: 2014 Transformers: Age of Extinction\rAdding movie: 2013 Now You See Me\rAdding movie: 2013 Gravity\rAdding movie: 2013 We\u0026#39;re the Millers\rAdding movie: 2013 Riddick\rAdding movie: 2013 The Family\rAdding movie: 2013 Star Trek Into Darkness\rAdding movie: 2013 After Earth\rAdding movie: 2013 The Great Gatsby\rAdding movie: 2014 Divergent\rAdding movie: 2013 We Are What We Are\rAdding movie: 2013 Iron Man 3\rAdding movie: 2014 The Amazing Spider-Man 2\rAdding movie: 2013 Curse of Chucky\rAdding movie: 2013 The Conjuring\rAdding movie: 2013 Oldboy\rAdding movie: 2013 Escape Plan\rAdding movie: 2013 Elysium\rAdding movie: 2013 Cloudy with a Lưu ý: Đúng đường dẫn file moviedata.json\n"
},
{
	"uri": "/vi/2-prerequiste/2.2-useawscloudshell/2.2.6-createglobalsecondaryindex/",
	"title": "Tạo Global secondary index",
	"tags": [],
	"description": "",
	"content": " Để tạo Global Secondary Index, sử dụng lệnh update-table   Thực hiện lệnh:  aws dynamodb update-table \\\r--table-name Music \\\r--attribute-definitions AttributeName=AlbumTitle,AttributeType=S \\\r--global-secondary-index-updates \\\r\u0026#34;[{\\\u0026#34;Create\\\u0026#34;:{\\\u0026#34;IndexName\\\u0026#34;: \\\u0026#34;AlbumTitle-index\\\u0026#34;,\\\u0026#34;KeySchema\\\u0026#34;:[{\\\u0026#34;AttributeName\\\u0026#34;:\\\u0026#34;AlbumTitle\\\u0026#34;,\\\u0026#34;KeyType\\\u0026#34;:\\\u0026#34;HASH\\\u0026#34;}], \\\r\\\u0026#34;ProvisionedThroughput\\\u0026#34;: {\\\u0026#34;ReadCapacityUnits\\\u0026#34;: 10, \\\u0026#34;WriteCapacityUnits\\\u0026#34;: 5 },\\\u0026#34;Projection\\\u0026#34;:{\\\u0026#34;ProjectionType\\\u0026#34;:\\\u0026#34;ALL\\\u0026#34;}}}]\u0026#34; Kết quả:   Kết quả trên AWS CloudShell: sử dụng Esc và !wq  {\r\u0026#34;TableDescription\u0026#34;: {\r\u0026#34;AttributeDefinitions\u0026#34;: [\r{\r\u0026#34;AttributeName\u0026#34;: \u0026#34;AlbumTitle\u0026#34;,\r\u0026#34;AttributeType\u0026#34;: \u0026#34;S\u0026#34;\r},\r{\r\u0026#34;AttributeName\u0026#34;: \u0026#34;Artist\u0026#34;,\r\u0026#34;AttributeType\u0026#34;: \u0026#34;S\u0026#34;\r},\r{\r\u0026#34;AttributeName\u0026#34;: \u0026#34;SongTitle\u0026#34;,\r\u0026#34;AttributeType\u0026#34;: \u0026#34;S\u0026#34;\r{\r\u0026#34;TableDescription\u0026#34;: {\r\u0026#34;AttributeDefinitions\u0026#34;: [\r{\r\u0026#34;AttributeName\u0026#34;: \u0026#34;AlbumTitle\u0026#34;,\r\u0026#34;AttributeType\u0026#34;: \u0026#34;S\u0026#34;\r},\r{\r\u0026#34;AttributeName\u0026#34;: \u0026#34;Artist\u0026#34;,\r\u0026#34;AttributeType\u0026#34;: \u0026#34;S\u0026#34;\r},\r{\r\u0026#34;AttributeName\u0026#34;: \u0026#34;SongTitle\u0026#34;,\r\u0026#34;AttributeType\u0026#34;: \u0026#34;S\u0026#34;\r}\r],\r\u0026#34;TableName\u0026#34;: \u0026#34;Music\u0026#34;,\r\u0026#34;KeySchema\u0026#34;: [\r{\r\u0026#34;AttributeName\u0026#34;: \u0026#34;Artist\u0026#34;,\r\u0026#34;KeyType\u0026#34;: \u0026#34;HASH\u0026#34;\r},\r{\r\u0026#34;AttributeName\u0026#34;: \u0026#34;SongTitle\u0026#34;,\r\u0026#34;KeyType\u0026#34;: \u0026#34;RANGE\u0026#34;\r}\r],\r\u0026#34;TableStatus\u0026#34;: \u0026#34;UPDATING\u0026#34;,\r\u0026#34;CreationDateTime\u0026#34;: \u0026#34;2022-03-06T08:48:31.027000+00:00\u0026#34;,\r\u0026#34;ProvisionedThroughput\u0026#34;: {\r\u0026#34;NumberOfDecreasesToday\u0026#34;: 0,\r\u0026#34;ReadCapacityUnits\u0026#34;: 10,\r\u0026#34;WriteCapacityUnits\u0026#34;: 5\r},\r\u0026#34;TableSizeBytes\u0026#34;: 0,\r\u0026#34;ItemCount\u0026#34;: 0,\r\u0026#34;TableArn\u0026#34;: \u0026#34;arn:aws:dynamodb:us-east-1:089359461550:table/Music\u0026#34;,\r\u0026#34;TableId\u0026#34;: \u0026#34;ee1ef0d6-af0c-4fc2-8dac-10d5a0791fac\u0026#34;,\r\u0026#34;GlobalSecondaryIndexes\u0026#34;: [\r{\r\u0026#34;IndexName\u0026#34;: \u0026#34;AlbumTitle-index\u0026#34;,\r\u0026#34;KeySchema\u0026#34;: [\r{\r\u0026#34;AttributeName\u0026#34;: \u0026#34;AlbumTitle\u0026#34;,\r\u0026#34;KeyType\u0026#34;: \u0026#34;HASH\u0026#34;\r}\r],\r\u0026#34;Projection\u0026#34;: {\r\u0026#34;ProjectionType\u0026#34;: \u0026#34;ALL\u0026#34;\r},\r\u0026#34;IndexStatus\u0026#34;: \u0026#34;CREATING\u0026#34;,\r\u0026#34;Backfilling\u0026#34;: false,\r\u0026#34;ProvisionedThroughput\u0026#34;: {  Kết quả trên giao diện:  "
},
{
	"uri": "/vi/2-prerequiste/2.1-useawsmanagementconsole/2.1.6-querydata/",
	"title": "Truy vấn dữ liệu",
	"tags": [],
	"description": "",
	"content": "Các bước truy vấn dữ liệu table Music như sau:\n  Đăng nhập vào bảng điều khiển quản lý AWS và mở DynamoDB Console tại Giao diện quản lý DynamoDB.\n  Trong thanh điều hướng ở bên trái của bảng điều khiển, chọn Tables\n  Chọn table Music từ danh sách table.\n  Chọn Actions, sau đó chọn Explore item.\n   Chọn Query\n  Nhập chi tiết các key:\n  Đối với Artist (Partition key), nhập Acme Band\n  Đối với SongTitle (Sort key), nhập PartiQL Rocks\n    Chọn Run\n  Kết quả trả về:\n  "
},
{
	"uri": "/vi/2-prerequiste/2.1-useawsmanagementconsole/2.1.7-creategobalsecondaryindex/",
	"title": "Tạo Global secondary index",
	"tags": [],
	"description": "",
	"content": "  Đăng nhập vào bảng điều khiển quản lý AWS và mở DynamoDB Console tại Giao diện quản lý DynamoDB.\n  Trong thanh điều hướng ở bên trái của bảng điều khiển, chọn Tables\n  Chọn table Music từ danh sách table.\n   Chọn tab Indexes từ table Music.\n  Chọn Create index\n   Đối với Partition key , nhập AlbumTitle.\n  Đối với Index name, nhập AlbumTitle-index.\n  Các item khác để mặc định và chọn Create index  Kết quả:  "
},
{
	"uri": "/vi/3-gettingstartedwithawssdk/3.2-pythonandynamodb/3.2.7-querydata/",
	"title": "Truy vấn dữ liệu",
	"tags": [],
	"description": "",
	"content": "Truy xuất tất cả các phim được phát hành vào năm 1985 từ dữ liệu mẫu được tải lên ở 3.2.6 Tải dữ liệu mẫu\n  Tạo file có tên MoviesQuery01.py\n  Sao chép đoạn mã sau và dán vào file MoviesQuery01.py\n  import boto3\rfrom boto3.dynamodb.conditions import Key\rdef query_movies(year, dynamodb=None):\rdynamodb = boto3.resource(\u0026#39;dynamodb\u0026#39;)\rtable = dynamodb.Table(\u0026#39;Movies\u0026#39;)\rresponse = table.query(\rKeyConditionExpression=Key(\u0026#39;year\u0026#39;).eq(year)\r)\rreturn response[\u0026#39;Items\u0026#39;]\rif __name__ == \u0026#39;__main__\u0026#39;:\rquery_year = 1985\rprint(f\u0026#34;Movies from {query_year}\u0026#34;)\rmovies = query_movies(query_year)\rfor movie in movies:\rprint(movie[\u0026#39;year\u0026#39;], \u0026#34;:\u0026#34;, movie[\u0026#39;title\u0026#39;]) Chạy chương trình bằng Window Command Prompt đã được xác thực và cấu hình ở bước 3.1 Cấu hình AWS CLI. Gõ lệnh:  python MoviesQuery01.py Trường hợp khác: sử dụng python \u0026quot;đường dẫn file MoviesQuery01.py\u0026quot;\nSau khi chạy chương trình, thu được kết quả:  Movies from 1985\r1985 : A Nightmare on Elm Street Part 2: Freddy\u0026#39;s Revenge\r1985 : A Room with a View\r1985 : A View to a Kill\r1985 : Back to the Future\r1985 : Better Off Dead...\r1985 : Brazil\r1985 : Clue\r1985 : Cocoon\r1985 : Commando\r1985 : Day of the Dead\r1985 : Flesh+Blood\r1985 : Friday the 13th: A New Beginning\r1985 : Fright Night\r1985 : Girls Just Want to Have Fun\r1985 : Just One of the Guys\r1985 : Legend\r1985 : Mad Max Beyond Thunderdome\r1985 : Mask\r1985 : Pale Rider\r1985 : Pee-wee\u0026#39;s Big Adventure\r1985 : Police Academy 2: Their First Assignment\r1985 : Rambo: First Blood Part II\r1985 : Real Genius\r1985 : Return to Oz\r1985 : Rocky IV\r1985 : Silverado\r1985 : St. Elmo\u0026#39;s Fire\r1985 : Teen Wolf\r1985 : The Breakfast Club\r1985 : The Color Purple\r1985 : The Goonies\r1985 : The Last Dragon\r1985 : The Return of the Living Dead\r1985 : Weird Science\r1985 : Witness "
},
{
	"uri": "/vi/2-prerequiste/2.2-useawscloudshell/2.2.7-queryglobalsecondaryindex/",
	"title": "Truy vấn Global secondary index",
	"tags": [],
	"description": "",
	"content": " Để truy vấn Global Secondary Index, sử dụng lệnh query   Thực hiện lệnh:  aws dynamodb query \\\r--table-name Music \\\r--index-name AlbumTitle-index \\\r--key-condition-expression \u0026#34;AlbumTitle = :name\u0026#34; \\\r--expression-attribute-values \u0026#39;{\u0026#34;:name\u0026#34;:{\u0026#34;S\u0026#34;:\u0026#34;Somewhat Famous\u0026#34;}}\u0026#39; Kết quả:   Kết quả trên AWS CloudShell:  {\r\u0026#34;Items\u0026#34;: [\r{\r\u0026#34;AlbumTitle\u0026#34;: {\r\u0026#34;S\u0026#34;: \u0026#34;Somewhat Famous\u0026#34;\r},\r\u0026#34;Awards\u0026#34;: {\r\u0026#34;N\u0026#34;: \u0026#34;1\u0026#34;\r},\r\u0026#34;Artist\u0026#34;: {\r\u0026#34;S\u0026#34;: \u0026#34;No One You Know\u0026#34;\r},\r\u0026#34;SongTitle\u0026#34;: {\r\u0026#34;S\u0026#34;: \u0026#34;Call Me Today\u0026#34;\r}\r},\r{\r\u0026#34;AlbumTitle\u0026#34;: {\r\u0026#34;S\u0026#34;: \u0026#34;Somewhat Famous\u0026#34;\r},\r\u0026#34;Awards\u0026#34;: {\r\u0026#34;N\u0026#34;: \u0026#34;2\u0026#34;\r},\r\u0026#34;Artist\u0026#34;: {\r\u0026#34;S\u0026#34;: \u0026#34;No One You Know\u0026#34;\r},\r\u0026#34;SongTitle\u0026#34;: {\r\u0026#34;S\u0026#34;: \u0026#34;Howdy\u0026#34;\r}\r}\r],\r\u0026#34;Count\u0026#34;: 2,\r\u0026#34;ScannedCount\u0026#34;: 2,\r\u0026#34;ConsumedCapacity\u0026#34;: null\r}  Kết quả trên giao diện:  "
},
{
	"uri": "/vi/3-gettingstartedwithawssdk/3.2-pythonandynamodb/3.2.8-scandata/",
	"title": "Quét dữ liệu",
	"tags": [],
	"description": "",
	"content": "Phương thức scan đọc mọi item trong toàn bộ table và trả về tất cả dữ liệu trong table. Bạn có thể cung cấp một tùy chọn filter_expression để chỉ những mặt hàng phù hợp với tiêu chí của bạn mới được trả lại. Tuy nhiên, bộ lọc chỉ được áp dụng sau khi toàn bộ table đã được quét.\nChương trình sau quét toàn bộ table Movies, trong đó có khoảng 5.000 item. Quá trình quét chỉ định bộ lọc tùy chọn để chỉ lấy các phim từ những năm 1950 (khoảng 100 item) và loại bỏ tất cả các phim khác.\n  Tạo file có tên MoviesScan.py\n  Sao chép đoạn mã sau và dán vào file MoviesScan.py\n  from pprint import pprint\rimport boto3\rfrom boto3.dynamodb.conditions import Key\rdef scan_movies(year_range, display_movies, dynamodb=None):\rdynamodb = boto3.resource(\u0026#39;dynamodb\u0026#39;)\rtable = dynamodb.Table(\u0026#39;Movies\u0026#39;)\rscan_kwargs = {\r\u0026#39;FilterExpression\u0026#39;: Key(\u0026#39;year\u0026#39;).between(*year_range),\r\u0026#39;ProjectionExpression\u0026#39;: \u0026#34;#yr, title, info.rating\u0026#34;,\r\u0026#39;ExpressionAttributeNames\u0026#39;: {\u0026#34;#yr\u0026#34;: \u0026#34;year\u0026#34;}\r}\rdone = False\rstart_key = None\rwhile not done:\rif start_key:\rscan_kwargs[\u0026#39;ExclusiveStartKey\u0026#39;] = start_key\rresponse = table.scan(**scan_kwargs)\rdisplay_movies(response.get(\u0026#39;Items\u0026#39;, []))\rstart_key = response.get(\u0026#39;LastEvaluatedKey\u0026#39;, None)\rdone = start_key is None\rif __name__ == \u0026#39;__main__\u0026#39;:\rdef print_movies(movies):\rfor movie in movies:\rprint(f\u0026#34;\\n{movie[\u0026#39;year\u0026#39;]} : {movie[\u0026#39;title\u0026#39;]}\u0026#34;)\rpprint(movie[\u0026#39;info\u0026#39;])\rquery_range = (1950, 1959)\rprint(\rf\u0026#34;Scanning for movies released from {query_range[0]} to {query_range[1]}...\u0026#34;)\rscan_movies(query_range, print_movies) Chú thích:\nProjectionExpression chỉ định các attritube bạn muốn trong kết quả quét.\nFilterExpression chỉ định một điều kiện chỉ trả về các item thỏa mãn điều kiện. Tất cả các item khác đều bị loại bỏ.\nChạy chương trình bằng Window Command Prompt đã được xác thực và cấu hình ở bước 3.1 Cấu hình AWS CLI. Gõ lệnh:  python MoviesScan.py Trường hợp khác: sử dụng python \u0026quot;đường dẫn file MoviesScan.py\u0026quot;\nSau khi chạy chương trình, thu được kết quả  \r1958 : Cat on a Hot Tin Roof\r{\u0026#39;rating\u0026#39;: Decimal(\u0026#39;8\u0026#39;)}\r1958 : Monster on the Campus\r{\u0026#39;rating\u0026#39;: Decimal(\u0026#39;5.7\u0026#39;)}\r1958 : No Time for Sergeants\r{\u0026#39;rating\u0026#39;: Decimal(\u0026#39;7.5\u0026#39;)}\r1958 : Teacher\u0026#39;s Pet\r{\u0026#39;rating\u0026#39;: Decimal(\u0026#39;7\u0026#39;)}\r1958 : Touch of Evil\r{\u0026#39;rating\u0026#39;: Decimal(\u0026#39;8.2\u0026#39;)}\r1958 : Vertigo\r{\u0026#39;rating\u0026#39;: Decimal(\u0026#39;8.5\u0026#39;)}\r1951 : A Streetcar Named Desire\r{\u0026#39;rating\u0026#39;: Decimal(\u0026#39;8\u0026#39;)}\r1951 : Alice in Wonderland\r{\u0026#39;rating\u0026#39;: Decimal(\u0026#39;7.4\u0026#39;)}\r1951 : An American in Paris\r{\u0026#39;rating\u0026#39;: Decimal(\u0026#39;7.2\u0026#39;)}\r1951 : Operation Pacific\r{\u0026#39;rating\u0026#39;: Decimal(\u0026#39;6.5\u0026#39;)}\r1951 : Storm Warning\r{\u0026#39;rating\u0026#39;: Decimal(\u0026#39;7\u0026#39;)}\r1951 : Strangers on a Train\r{\u0026#39;rating\u0026#39;: Decimal(\u0026#39;8.2\u0026#39;)}\r1951 : The African Queen\r{\u0026#39;rating\u0026#39;: Decimal(\u0026#39;8\u0026#39;)} "
},
{
	"uri": "/vi/2-prerequiste/2.1-useawsmanagementconsole/2.1.8-querytheglobalsecondaryindex/",
	"title": "Truy vấn Global secondary index",
	"tags": [],
	"description": "",
	"content": " Đăng nhập vào bảng điều khiển quản lý AWS và mở DynamoDB Console tại Giao diện quản lý DynamoDB. Trong thanh điều hướng ở bên trái của bảng điều khiển, chọn Tables Chọn table Music từ danh sách table. Chọn Actions, sau đó chọn Explore item.  Chọn Query Trong danh sách thả xuống bên dưới Query, chọn AlbumTitle-index Đối với AlbumTitle , nhập Somewhat Famous, . Chọn Run Kết quả trả về:  "
},
{
	"uri": "/vi/3-gettingstartedwithawssdk/3.2-pythonandynamodb/3.2.9-deletethetable/",
	"title": "Xóa dữ liệu table",
	"tags": [],
	"description": "",
	"content": "  Tạo file có tên MoviesDeleteTable.py\n  Sao chép đoạn mã sau và dán vào file MoviesDeleteTable.py\n  import boto3\rdef delete_movie_table(dynamodb=None):\rdynamodb = boto3.resource(\u0026#39;dynamodb\u0026#39;)\rtable = dynamodb.Table(\u0026#39;Movies\u0026#39;)\rtable.delete()\rif __name__ == \u0026#39;__main__\u0026#39;:\rdelete_movie_table()\rprint(\u0026#34;Movies table deleted.\u0026#34;) Chạy chương trình bằng Window Command Prompt đã được xác thực và cấu hình ở bước 3.1 Cấu hình AWS CLI. Gõ lệnh:  python MoviesDeleteTable.py Trường hợp khác: sử dụng python \u0026quot;đường dẫn file MoviesDeleteTable.py\u0026quot;\nSau khi chạy chương trình, thu được kết quả  Movies table deleted. "
},
{
	"uri": "/vi/categories/",
	"title": "Categories",
	"tags": [],
	"description": "",
	"content": ""
},
{
	"uri": "/vi/tags/",
	"title": "Tags",
	"tags": [],
	"description": "",
	"content": ""
}]