<?xml version="1.0" encoding="utf-8" standalone="yes"?>
<rss version="2.0" xmlns:atom="http://www.w3.org/2005/Atom">
  <channel>
    <title> Amazon ElastiCache - Redis</title>
    <link>/3-amazonelasticacheforredis/3.6-deleting-a-cluster/3.6.1-use-console/</link>
    <description>Recent content on  Amazon ElastiCache - Redis</description>
    <generator>Hugo -- gohugo.io</generator><atom:link href="/3-amazonelasticacheforredis/3.6-deleting-a-cluster/3.6.1-use-console/index.xml" rel="self" type="application/rss+xml" />
  </channel>
</rss>
