<?xml version="1.0" encoding="utf-8" standalone="yes"?>
<rss version="2.0" xmlns:atom="http://www.w3.org/2005/Atom">
  <channel>
    <title>Xóa cluster on Amazon ElastiCache - Redis</title>
    <link>/vi/3-amazonelasticacheforredis/3.6-deleting-a-cluster/</link>
    <description>Recent content in Xóa cluster on Amazon ElastiCache - Redis</description>
    <generator>Hugo -- gohugo.io</generator><atom:link href="/vi/3-amazonelasticacheforredis/3.6-deleting-a-cluster/index.xml" rel="self" type="application/rss+xml" />
  </channel>
</rss>
