<?xml version="1.0" encoding="utf-8" standalone="yes"?>
<rss version="2.0" xmlns:atom="http://www.w3.org/2005/Atom">
  <channel>
    <title>Generate AWS Access Key on  Amazon ElastiCache - Redis</title>
    <link>/2-prerequiste/2.1-create-accesskey/</link>
    <description>Recent content in Generate AWS Access Key on  Amazon ElastiCache - Redis</description>
    <generator>Hugo -- gohugo.io</generator><atom:link href="/2-prerequiste/2.1-create-accesskey/index.xml" rel="self" type="application/rss+xml" />
  </channel>
</rss>
