<?xml version="1.0" encoding="utf-8" standalone="yes"?>
<rss version="2.0" xmlns:atom="http://www.w3.org/2005/Atom">
  <channel>
    <title>Tạo S3 Gateway endpoint on LÀM VIỆC VỚI AMAZON SYSTEM MANAGER - SESSION MANAGER</title>
    <link>/vi/4-s3log/4.3-creategwes3/</link>
    <description>Recent content in Tạo S3 Gateway endpoint on LÀM VIỆC VỚI AMAZON SYSTEM MANAGER - SESSION MANAGER</description>
    <generator>Hugo -- gohugo.io</generator><atom:link href="/vi/4-s3log/4.3-creategwes3/index.xml" rel="self" type="application/rss+xml" />
  </channel>
</rss>
