<?xml version="1.0" encoding="utf-8" standalone="yes"?>
<rss version="2.0" xmlns:atom="http://www.w3.org/2005/Atom">
  <channel>
    <title>Tạo một cluster (mode enabled cluster) on Amazon ElastiCache - Redis</title>
    <link>/vi/4-sdkelasticache/4.1-creating-elasticache-clusters-and-users/4.1.2-create-a-cluster-mode-enabled-cluster/</link>
    <description>Recent content in Tạo một cluster (mode enabled cluster) on Amazon ElastiCache - Redis</description>
    <generator>Hugo -- gohugo.io</generator><atom:link href="/vi/4-sdkelasticache/4.1-creating-elasticache-clusters-and-users/4.1.2-create-a-cluster-mode-enabled-cluster/index.xml" rel="self" type="application/rss+xml" />
  </channel>
</rss>
