<?xml version="1.0" encoding="utf-8" standalone="yes"?>
<rss version="2.0" xmlns:atom="http://www.w3.org/2005/Atom">
  <channel>
    <title>Tạo Endpoint ec2messages on LÀM VIỆC VỚI AMAZON SYSTEM MANAGER - SESSION MANAGER</title>
    <link>/vi/3-accessibilitytoinstances/3.2-private-instance/3.2.2-createvpcendpoint/3.2.2.3-endpointec2messages/</link>
    <description>Recent content in Tạo Endpoint ec2messages on LÀM VIỆC VỚI AMAZON SYSTEM MANAGER - SESSION MANAGER</description>
    <generator>Hugo -- gohugo.io</generator><atom:link href="/vi/3-accessibilitytoinstances/3.2-private-instance/3.2.2-createvpcendpoint/3.2.2.3-endpointec2messages/index.xml" rel="self" type="application/rss+xml" />
  </channel>
</rss>
